Plot Title: HSLE,,,,,,,,
#,"Date Time, GMT-04:00","Low Range, ?S/cm (LGR S/N: 20370966, SEN S/N: 20370966)","High Range, ?S/cm (LGR S/N: 20370966, SEN S/N: 20370966)","Temp, °C (LGR S/N: 20370966, SEN S/N: 20370966)",Coupler Detached (LGR S/N: 20370966),Coupler Attached (LGR S/N: 20370966),Stopped (LGR S/N: 20370966),End Of File (LGR S/N: 20370966)
1,7/9/2018 10:23,0,0,24.19,,,,
2,7/9/2018 10:24,,,,Logged,,,
3,7/9/2018 10:53,2766.9,2941,20.04,,,,
4,7/9/2018 11:23,2751.7,2923.5,19.79,,,,
5,7/9/2018 11:53,2747.5,2918.6,19.7,,,,
6,7/9/2018 12:23,2746.4,2916.8,19.66,,,,
7,7/9/2018 12:53,2744.3,2913.8,19.62,,,,
8,7/9/2018 13:23,2743.3,2912.6,19.6,,,,
9,7/9/2018 13:53,2741.2,2911.4,19.59,,,,
10,7/9/2018 14:23,2741.2,2911.4,19.57,,,,
11,7/9/2018 14:53,2741.2,2910.2,19.56,,,,
12,7/9/2018 15:23,2740.1,2910.2,19.55,,,,
13,7/9/2018 15:53,2740.1,2909.6,19.53,,,,
14,7/9/2018 16:23,2738.6,2909.6,19.53,,,,
15,7/9/2018 16:53,2736,2907.7,19.5,,,,
16,7/9/2018 17:23,2734.4,2907.1,19.5,,,,
17,7/9/2018 17:53,2733.9,2907.1,19.49,,,,
18,7/9/2018 18:23,2733.3,2906.5,19.48,,,,
19,7/9/2018 18:53,2733.9,2907.1,19.47,,,,
20,7/9/2018 19:23,2733.9,2907.1,19.48,,,,
21,7/9/2018 19:53,2734.9,2908.3,19.47,,,,
22,7/9/2018 20:23,2737,2909.6,19.47,,,,
23,7/9/2018 20:53,2736.5,2909.6,19.46,,,,
24,7/9/2018 21:23,2738,2910.2,19.46,,,,
25,7/9/2018 21:53,2738,2910.2,19.46,,,,
26,7/9/2018 22:23,2738,2910.2,19.46,,,,
27,7/9/2018 22:53,2738.6,2910.8,19.44,,,,
28,7/9/2018 23:23,2738,2910.2,19.44,,,,
29,7/9/2018 23:53,2738,2909.6,19.44,,,,
30,7/10/2018 0:23,2738,2909.6,19.44,,,,
31,7/10/2018 0:53,2739.1,2910.2,19.44,,,,
32,7/10/2018 1:23,2738.6,2909.6,19.44,,,,
33,7/10/2018 1:53,2737.5,2908.3,19.44,,,,
34,7/10/2018 2:23,2737,2907.1,19.44,,,,
35,7/10/2018 2:53,2736.5,2906.5,19.43,,,,
36,7/10/2018 3:23,2736.5,2906.5,19.43,,,,
37,7/10/2018 3:53,2736.5,2905.3,19.44,,,,
38,7/10/2018 4:23,2736.5,2905.3,19.44,,,,
39,7/10/2018 4:53,2736,2905.3,19.43,,,,
40,7/10/2018 5:23,2734.9,2903.5,19.44,,,,
41,7/10/2018 5:53,2733.9,2902.9,19.43,,,,
42,7/10/2018 6:23,2733.3,2901.1,19.43,,,,
43,7/10/2018 6:53,2732.3,2899.9,19.43,,,,
44,7/10/2018 7:23,2732.3,2899.9,19.43,,,,
45,7/10/2018 7:53,2731.2,2898.1,19.43,,,,
46,7/10/2018 8:23,2729.1,2896.2,19.43,,,,
47,7/10/2018 8:53,2729.1,2896.2,19.43,,,,
48,7/10/2018 9:23,2729.1,2895.6,19.42,,,,
49,7/10/2018 9:53,2728.1,2893.8,19.42,,,,
50,7/10/2018 10:23,2727,2892,19.42,,,,
51,7/10/2018 10:53,2723.9,2889.6,19.42,,,,
52,7/10/2018 11:23,2722.8,2887.8,19.42,,,,
53,7/10/2018 11:53,2720.8,2886.6,19.42,,,,
54,7/10/2018 12:23,2719.2,2883.5,19.41,,,,
55,7/10/2018 12:53,2718.1,2881.7,19.41,,,,
56,7/10/2018 13:23,2715.5,2879.9,19.41,,,,
57,7/10/2018 13:53,2713.9,2877.5,19.4,,,,
58,7/10/2018 14:23,2712.4,2875.7,19.4,,,,
59,7/10/2018 14:53,2709.8,2873.2,19.38,,,,
60,7/10/2018 15:23,2708.2,2871.4,19.4,,,,
61,7/10/2018 15:53,2706.6,2869,19.38,,,,
62,7/10/2018 16:23,2705.6,2867.8,19.38,,,,
63,7/10/2018 16:53,2707.1,2869,19.37,,,,
64,7/10/2018 17:23,2709.8,2872.6,19.37,,,,
65,7/10/2018 17:53,2710.8,2873.2,19.37,,,,
66,7/10/2018 18:23,2712.9,2876.9,19.37,,,,
67,7/10/2018 18:53,2712.9,2876.3,19.37,,,,
68,7/10/2018 19:23,2716,2880.5,19.36,,,,
69,7/10/2018 19:53,2715,2881.1,19.37,,,,
70,7/10/2018 20:23,2711.9,2879.3,19.37,,,,
71,7/10/2018 20:53,2710.3,2878.1,19.38,,,,
72,7/10/2018 21:23,2707.1,2876.9,19.37,,,,
73,7/10/2018 21:53,2703,2874.4,19.38,,,,
74,7/10/2018 22:23,2699.3,2872,19.38,,,,
75,7/10/2018 22:53,2695.6,2870.2,19.4,,,,
76,7/10/2018 23:23,2691.5,2867.8,19.4,,,,
77,7/10/2018 23:53,2687.8,2866,19.41,,,,
78,7/11/2018 0:23,2684.7,2864.7,19.41,,,,
79,7/11/2018 0:53,2682,2864.7,19.42,,,,
80,7/11/2018 1:23,2680,2864.1,19.42,,,,
81,7/11/2018 1:53,2678.4,2864.7,19.43,,,,
82,7/11/2018 2:23,2676.3,2866,19.44,,,,
83,7/11/2018 2:53,2675.3,2866.6,19.46,,,,
84,7/11/2018 3:23,2672.1,2867.2,19.46,,,,
85,7/11/2018 3:53,2670,2867.8,19.47,,,,
86,7/11/2018 4:23,2667.4,2867.8,19.47,,,,
87,7/11/2018 4:53,2664.3,2868.4,19.48,,,,
88,7/11/2018 5:23,2661.2,2869,19.49,,,,
89,7/11/2018 5:53,2657,2868.4,19.49,,,,
90,7/11/2018 6:23,2652.3,2867.8,19.5,,,,
91,7/11/2018 6:53,2647.6,2866.6,19.51,,,,
92,7/11/2018 7:23,2641.9,2865.3,19.51,,,,
93,7/11/2018 7:53,2637.2,2864.1,19.51,,,,
94,7/11/2018 8:23,2630.9,2860.5,19.53,,,,
95,7/11/2018 8:53,2625.7,2858.7,19.53,,,,
96,7/11/2018 9:23,2622.6,2856.2,19.54,,,,
97,7/11/2018 9:53,2620,2856.2,19.55,,,,
98,7/11/2018 10:23,2619.5,2856.2,19.55,,,,
99,7/11/2018 10:53,2621,2858.1,19.55,,,,
100,7/11/2018 11:23,2621,2856.9,19.55,,,,
101,7/11/2018 11:53,2572.7,2797.3,19.56,,,,
102,7/11/2018 12:23,2023.9,2146.6,19.56,,,,
103,7/11/2018 12:53,244.6,253.6,19.56,,,,
104,7/11/2018 13:23,46.2,146.8,19.61,,,,
105,7/11/2018 13:53,0,0,19.63,,,,
106,7/11/2018 14:23,0,0,19.65,,,,
107,7/11/2018 14:53,0,0,19.65,,,,
108,7/11/2018 15:23,0,0,19.65,,,,
109,7/11/2018 15:53,0,0,19.66,,,,
110,7/11/2018 16:23,0,0,19.66,,,,
111,7/11/2018 16:53,0,0,19.67,,,,
112,7/11/2018 17:23,0,0,19.67,,,,
113,7/11/2018 17:53,0,0,19.67,,,,
114,7/11/2018 18:23,0,0,19.68,,,,
115,7/11/2018 18:53,0,0,19.68,,,,
116,7/11/2018 19:23,0,0,19.68,,,,
117,7/11/2018 19:53,0,0,19.69,,,,
118,7/11/2018 20:23,0,0,19.69,,,,
119,7/11/2018 20:53,0,0,19.69,,,,
120,7/11/2018 21:23,0,0,19.7,,,,
121,7/11/2018 21:53,0,0,19.72,,,,
122,7/11/2018 22:23,0,0,19.72,,,,
123,7/11/2018 22:53,0,0,19.72,,,,
124,7/11/2018 23:23,0,0,19.73,,,,
125,7/11/2018 23:53,0,0,19.74,,,,
126,7/12/2018 0:23,0,0,19.74,,,,
127,7/12/2018 0:53,0,0,19.75,,,,
128,7/12/2018 1:23,0,0,19.76,,,,
129,7/12/2018 1:53,0,0,19.76,,,,
130,7/12/2018 2:23,0,0,19.78,,,,
131,7/12/2018 2:53,0,0,19.78,,,,
132,7/12/2018 3:23,0,0,19.78,,,,
133,7/12/2018 3:53,0,0,19.79,,,,
134,7/12/2018 4:23,0,0,19.79,,,,
135,7/12/2018 4:53,0,0,19.8,,,,
136,7/12/2018 5:23,0,0,19.8,,,,
137,7/12/2018 5:53,0,0,19.8,,,,
138,7/12/2018 6:23,0,0,19.8,,,,
139,7/12/2018 6:53,0,0,19.81,,,,
140,7/12/2018 7:23,0,0,19.81,,,,
141,7/12/2018 7:53,0,0,19.81,,,,
142,7/12/2018 8:23,0,0,19.82,,,,
143,7/12/2018 8:53,0,0,19.82,,,,
144,7/12/2018 9:23,0,0,19.81,,,,
145,7/12/2018 9:53,0,0,19.82,,,,
146,7/12/2018 10:23,0,0,19.82,,,,
147,7/12/2018 10:53,0,0,19.82,,,,
148,7/12/2018 11:23,0,0,19.82,,,,
149,7/12/2018 11:53,0,0,19.82,,,,
150,7/12/2018 12:23,0,0,19.82,,,,
151,7/12/2018 12:53,0,0,19.82,,,,
152,7/12/2018 13:23,0,0,19.82,,,,
153,7/12/2018 13:53,0,0,19.82,,,,
154,7/12/2018 14:23,0,0,19.82,,,,
155,7/12/2018 14:53,0,0,19.81,,,,
156,7/12/2018 15:23,0,0,19.82,,,,
157,7/12/2018 15:53,0,0,19.81,,,,
158,7/12/2018 16:23,0,0,19.81,,,,
159,7/12/2018 16:53,0,0,19.81,,,,
160,7/12/2018 17:23,0,0,19.82,,,,
161,7/12/2018 17:53,0,0,19.82,,,,
162,7/12/2018 18:23,0,0,19.81,,,,
163,7/12/2018 18:53,0,0,19.82,,,,
164,7/12/2018 19:23,0,0,19.81,,,,
165,7/12/2018 19:53,0,0,19.81,,,,
166,7/12/2018 20:23,0,0,19.82,,,,
167,7/12/2018 20:53,0,0,19.82,,,,
168,7/12/2018 21:23,0,0,19.82,,,,
169,7/12/2018 21:53,0,0,19.84,,,,
170,7/12/2018 22:23,0,0,19.84,,,,
171,7/12/2018 22:53,0,0,19.84,,,,
172,7/12/2018 23:23,0,0,19.84,,,,
173,7/12/2018 23:53,0,0,19.85,,,,
174,7/13/2018 0:23,0,0,19.85,,,,
175,7/13/2018 0:53,0,0,19.85,,,,
176,7/13/2018 1:23,0,0,19.86,,,,
177,7/13/2018 1:53,0,0,19.86,,,,
178,7/13/2018 2:23,0,0,19.86,,,,
179,7/13/2018 2:53,0,0,19.86,,,,
180,7/13/2018 3:23,0,0,19.87,,,,
181,7/13/2018 3:53,0,0,19.87,,,,
182,7/13/2018 4:23,0,0,19.87,,,,
183,7/13/2018 4:53,0,0,19.87,,,,
184,7/13/2018 5:23,0,0,19.87,,,,
185,7/13/2018 5:53,0,0,19.88,,,,
186,7/13/2018 6:23,55.7,151,19.81,,,,
187,7/13/2018 6:53,2733.3,2939.2,19.67,,,,
188,7/13/2018 7:23,2797.9,3005.4,19.68,,,,
189,7/13/2018 7:53,2835.9,3049.8,19.7,,,,
190,7/13/2018 8:23,2850.1,3068.3,19.75,,,,
191,7/13/2018 8:53,2868.1,3088.6,19.78,,,,
192,7/13/2018 9:23,2885.6,3109.5,19.8,,,,
193,7/13/2018 9:53,2902,3130.3,19.82,,,,
194,7/13/2018 10:23,2906.7,3142.2,19.84,,,,
195,7/13/2018 10:53,2909.4,3145.2,19.85,,,,
196,7/13/2018 11:23,2914.2,3153.5,19.86,,,,
197,7/13/2018 11:53,2914.7,3158.3,19.87,,,,
198,7/13/2018 12:23,2915.2,3163,19.87,,,,
199,7/13/2018 12:53,2912.6,3163,19.87,,,,
200,7/13/2018 13:23,2904.6,3157.7,19.86,,,,
201,7/13/2018 13:53,2896.1,3150.6,19.86,,,,
202,7/13/2018 14:23,2888.7,3145.8,19.85,,,,
203,7/13/2018 14:53,2887.1,3144,19.84,,,,
204,7/13/2018 15:23,2888.7,3144.6,19.84,,,,
205,7/13/2018 15:53,2888.2,3144.6,19.84,,,,
206,7/13/2018 16:23,2889.3,3144,19.84,,,,
207,7/13/2018 16:53,2890.3,3144.6,19.84,,,,
208,7/13/2018 17:23,2891.4,3144.6,19.84,,,,
209,7/13/2018 17:53,2889.8,3144,19.82,,,,
210,7/13/2018 18:23,2891.4,3144.6,19.82,,,,
211,7/13/2018 18:53,2893,3145.8,19.82,,,,
212,7/13/2018 19:23,2894,3145.8,19.82,,,,
213,7/13/2018 19:53,2895.1,3147,19.82,,,,
214,7/13/2018 20:23,2895.6,3147,19.82,,,,
215,7/13/2018 20:53,2895.6,3148.2,19.82,,,,
216,7/13/2018 21:23,2896.7,3148.8,19.84,,,,
217,7/13/2018 21:53,2897.7,3149.4,19.84,,,,
218,7/13/2018 22:23,2897.7,3150,19.84,,,,
219,7/13/2018 22:53,2897.7,3150,19.84,,,,
220,7/13/2018 23:23,2898.3,3150,19.85,,,,
221,7/13/2018 23:53,2898.8,3151.1,19.85,,,,
222,7/14/2018 0:23,2900.4,3151.1,19.86,,,,
223,7/14/2018 0:53,2899.9,3150.6,19.86,,,,
224,7/14/2018 1:23,2900.9,3151.1,19.86,,,,
225,7/14/2018 1:53,2901.4,3152.3,19.86,,,,
226,7/14/2018 2:23,2902,3152.9,19.86,,,,
227,7/14/2018 2:53,2903,3153.5,19.86,,,,
228,7/14/2018 3:23,2902.5,3152.3,19.86,,,,
229,7/14/2018 3:53,2903.6,3154.1,19.87,,,,
230,7/14/2018 4:23,2905.2,3155.3,19.87,,,,
231,7/14/2018 4:53,2905.2,3155.3,19.87,,,,
232,7/14/2018 5:23,2905.2,3155.3,19.87,,,,
233,7/14/2018 5:53,2906.2,3156.5,19.87,,,,
234,7/14/2018 6:23,2907.3,3157.1,19.86,,,,
235,7/14/2018 6:53,2905.7,3157.1,19.87,,,,
236,7/14/2018 7:23,2905.7,3157.1,19.86,,,,
237,7/14/2018 7:53,2906.2,3156.5,19.86,,,,
238,7/14/2018 8:23,2904.6,3155.9,19.86,,,,
239,7/14/2018 8:53,2904.6,3155.9,19.86,,,,
240,7/14/2018 9:23,2905.2,3155.3,19.85,,,,
241,7/14/2018 9:53,2906.2,3155.9,19.85,,,,
242,7/14/2018 10:23,2905.7,3154.1,19.84,,,,
243,7/14/2018 10:53,2905.7,3155.3,19.85,,,,
244,7/14/2018 11:23,2905.7,3155.3,19.84,,,,
245,7/14/2018 11:53,2905.7,3155.3,19.82,,,,
246,7/14/2018 12:23,2905.7,3155.9,19.82,,,,
247,7/14/2018 12:53,2904.6,3155.3,19.81,,,,
248,7/14/2018 13:23,2905.7,3155.3,19.81,,,,
249,7/14/2018 13:53,2905.7,3154.7,19.81,,,,
250,7/14/2018 14:23,2906.2,3154.7,19.8,,,,
251,7/14/2018 14:53,2907.8,3154.7,19.8,,,,
252,7/14/2018 15:23,2908.3,3155.3,19.79,,,,
253,7/14/2018 15:53,2908.9,3155.9,19.79,,,,
254,7/14/2018 16:23,2907.8,3154.7,19.79,,,,
255,7/14/2018 16:53,2906.7,3153.5,19.78,,,,
256,7/14/2018 17:23,2905.7,3151.1,19.76,,,,
257,7/14/2018 17:53,2904.6,3150,19.76,,,,
258,7/14/2018 18:23,2902,3148.8,19.76,,,,
259,7/14/2018 18:53,2900.4,3147,19.75,,,,
260,7/14/2018 19:23,2898.3,3145.2,19.75,,,,
261,7/14/2018 19:53,2897.2,3144,19.74,,,,
262,7/14/2018 20:23,2896.7,3144.6,19.74,,,,
263,7/14/2018 20:53,2899.9,3144.6,19.74,,,,
264,7/14/2018 21:23,2880.3,3117.8,19.74,,,,
265,7/14/2018 21:53,1768.3,1860.9,19.74,,,,
266,7/14/2018 22:23,57,150.6,19.79,,,,
267,7/14/2018 22:53,0,0,19.8,,,,
268,7/14/2018 23:23,0,0,19.81,,,,
269,7/14/2018 23:53,0,0,19.82,,,,
270,7/15/2018 0:23,0,0,19.82,,,,
271,7/15/2018 0:53,0,0,19.84,,,,
272,7/15/2018 1:23,0,0,19.82,,,,
273,7/15/2018 1:53,0,0,19.85,,,,
274,7/15/2018 2:23,0,0,19.85,,,,
275,7/15/2018 2:53,0,0,19.85,,,,
276,7/15/2018 3:23,0,0,19.86,,,,
277,7/15/2018 3:53,0,0,19.86,,,,
278,7/15/2018 4:23,0,0,19.86,,,,
279,7/15/2018 4:53,0,0,19.87,,,,
280,7/15/2018 5:23,0,0,19.87,,,,
281,7/15/2018 5:53,0,0,19.88,,,,
282,7/15/2018 6:23,0,0,19.88,,,,
283,7/15/2018 6:53,0,0,19.88,,,,
284,7/15/2018 7:23,0,0,19.88,,,,
285,7/15/2018 7:53,0,0,19.89,,,,
286,7/15/2018 8:23,0,0,19.89,,,,
287,7/15/2018 8:53,0,0,19.88,,,,
288,7/15/2018 9:23,0,0,19.89,,,,
289,7/15/2018 9:53,0,0,19.89,,,,
290,7/15/2018 10:23,0,0,19.89,,,,
291,7/15/2018 10:53,0,0,19.89,,,,
292,7/15/2018 11:23,0,0,19.88,,,,
293,7/15/2018 11:53,0,0,19.88,,,,
294,7/15/2018 12:23,0,0,19.88,,,,
295,7/15/2018 12:53,0,0,19.88,,,,
296,7/15/2018 13:23,0,0,19.88,,,,
297,7/15/2018 13:53,0,0,19.88,,,,
298,7/15/2018 14:23,0,0,19.88,,,,
299,7/15/2018 14:53,0,0,19.87,,,,
300,7/15/2018 15:23,0,0,19.87,,,,
301,7/15/2018 15:53,0,0,19.87,,,,
302,7/15/2018 16:23,0,0,19.87,,,,
303,7/15/2018 16:53,0,0,19.87,,,,
304,7/15/2018 17:23,0,0,19.87,,,,
305,7/15/2018 17:53,0,0,19.87,,,,
306,7/15/2018 18:23,0,0,19.86,,,,
307,7/15/2018 18:53,0,0,19.86,,,,
308,7/15/2018 19:23,0,0,19.87,,,,
309,7/15/2018 19:53,0,0,19.87,,,,
310,7/15/2018 20:23,0,0,19.88,,,,
311,7/15/2018 20:53,0,0,19.88,,,,
312,7/15/2018 21:23,0,0,19.87,,,,
313,7/15/2018 21:53,0,0,19.88,,,,
314,7/15/2018 22:23,0,0,19.88,,,,
315,7/15/2018 22:53,0,0,19.88,,,,
316,7/15/2018 23:23,0,0,19.89,,,,
317,7/15/2018 23:53,0,0,19.89,,,,
318,7/16/2018 0:23,0,0,19.91,,,,
319,7/16/2018 0:53,0,0,19.91,,,,
320,7/16/2018 1:23,0,0,19.91,,,,
321,7/16/2018 1:53,0,0,19.92,,,,
322,7/16/2018 2:23,0,0,19.92,,,,
323,7/16/2018 2:53,0,0,19.93,,,,
324,7/16/2018 3:23,0,0,19.93,,,,
325,7/16/2018 3:53,0,0,19.94,,,,
326,7/16/2018 4:23,0,0,19.94,,,,
327,7/16/2018 4:53,0,0,19.94,,,,
328,7/16/2018 5:23,0,0,19.95,,,,
329,7/16/2018 5:53,0,0,19.95,,,,
330,7/16/2018 6:23,0,0,19.95,,,,
331,7/16/2018 6:53,0,0,19.97,,,,
332,7/16/2018 7:23,0,0,19.97,,,,
333,7/16/2018 7:53,0,0,19.97,,,,
334,7/16/2018 8:23,0,0,19.98,,,,
335,7/16/2018 8:53,0,0,19.98,,,,
336,7/16/2018 9:23,0,0,19.98,,,,
337,7/16/2018 9:53,0,0,19.99,,,,
338,7/16/2018 10:23,0,0,19.99,,,,
339,7/16/2018 10:53,0,0,19.99,,,,
340,7/16/2018 11:23,0,0,19.99,,,,
341,7/16/2018 11:53,0,0,20,,,,
342,7/16/2018 12:23,0,0,20,,,,
343,7/16/2018 12:53,0,0,20,,,,
344,7/16/2018 13:23,0,0,20,,,,
345,7/16/2018 13:53,0,0,20,,,,
346,7/16/2018 14:23,0,0,20,,,,
347,7/16/2018 14:53,0,0,20,,,,
348,7/16/2018 15:23,0,0,20,,,,
349,7/16/2018 15:53,0,0,20,,,,
350,7/16/2018 16:00,,,,,Logged,,
351,7/16/2018 16:00,,,,,,Logged,Logged
1,7/16/2018 16:23,0,0,21.01,Logged,,,
2,7/16/2018 16:53,0,0,20.24,,,,
3,7/16/2018 17:23,0,0,20.11,,,,
4,7/16/2018 17:53,0,0,20.08,,,,
5,7/16/2018 18:23,0,0,20.06,,,,
6,7/16/2018 18:53,0,0,20.06,,,,
7,7/16/2018 19:23,0,0,20.06,,,,
8,7/16/2018 19:53,0,0,20.07,,,,
9,7/16/2018 20:23,0,0,20.07,,,,
10,7/16/2018 20:53,0,0,20.08,,,,
11,7/16/2018 21:23,0,0,20.1,,,,
12,7/16/2018 21:53,0,0,20.1,,,,
13,7/16/2018 22:23,0,0,20.11,,,,
14,7/16/2018 22:53,0,0,20.12,,,,
15,7/16/2018 23:23,0,0,20.13,,,,
16,7/16/2018 23:53,0,0,20.14,,,,
17,7/17/2018 0:23,0,0,20.14,,,,
18,7/17/2018 0:53,0,0,20.16,,,,
19,7/17/2018 1:23,0,0,20.17,,,,
20,7/17/2018 1:53,0,0,20.18,,,,
21,7/17/2018 2:23,0,0,20.19,,,,
22,7/17/2018 2:53,0,0,20.2,,,,
23,7/17/2018 3:23,0,0,20.2,,,,
24,7/17/2018 3:53,0,0,20.21,,,,
25,7/17/2018 4:23,0,0,20.23,,,,
26,7/17/2018 4:53,0,0,20.24,,,,
27,7/17/2018 5:23,0,0,20.24,,,,
28,7/17/2018 5:53,0,0,20.25,,,,
29,7/17/2018 6:23,0,0,20.26,,,,
30,7/17/2018 6:53,0,0,20.26,,,,
31,7/17/2018 7:23,0,0,20.26,,,,
32,7/17/2018 7:53,0,0,20.27,,,,
33,7/17/2018 8:23,0,0,20.29,,,,
34,7/17/2018 8:53,0,0,20.29,,,,
35,7/17/2018 9:23,0,0,20.3,,,,
36,7/17/2018 9:53,0,0,20.3,,,,
37,7/17/2018 10:23,0,0,20.31,,,,
38,7/17/2018 10:53,0,0,20.31,,,,
39,7/17/2018 11:23,0,0,20.32,,,,
40,7/17/2018 11:53,0,0,20.32,,,,
41,7/17/2018 12:23,0,0,20.33,,,,
42,7/17/2018 12:53,0,0,20.33,,,,
43,7/17/2018 13:23,0,0,20.33,,,,
44,7/17/2018 13:53,0,0,20.33,,,,
45,7/17/2018 14:23,0,0,20.33,,,,
46,7/17/2018 14:53,0,0,20.35,,,,
47,7/17/2018 15:23,0,0,20.35,,,,
48,7/17/2018 15:53,0,0,20.36,,,,
49,7/17/2018 16:23,0,0,20.39,,,,
50,7/17/2018 16:53,0,0,20.42,,,,
51,7/17/2018 17:23,0,0,20.42,,,,
52,7/17/2018 17:53,2281.2,2428.5,20.31,,,,
53,7/17/2018 18:23,2367,2526.4,20.31,,,,
54,7/17/2018 18:53,2377.8,2540,20.32,,,,
55,7/17/2018 19:23,2345,2506.6,20.33,,,,
56,7/17/2018 19:53,2346,2508.5,20.35,,,,
57,7/17/2018 20:23,2354.2,2519,20.35,,,,
58,7/17/2018 20:53,2396.2,2566.6,20.36,,,,
59,7/17/2018 21:23,2440.4,2614.1,20.38,,,,
60,7/17/2018 21:53,2468.7,2644.2,20.39,,,,
61,7/17/2018 22:23,2495.1,2673.7,20.4,,,,
62,7/17/2018 22:53,2515.7,2697.6,20.4,,,,
63,7/17/2018 23:23,2535.9,2719.1,20.42,,,,
64,7/17/2018 23:53,2558.2,2744.8,20.43,,,,
65,7/18/2018 0:23,2581.5,2769.8,20.43,,,,
66,7/18/2018 0:53,2607.5,2799.1,20.44,,,,
67,7/18/2018 1:23,2632.5,2825.3,20.45,,,,
68,7/18/2018 1:53,2656.5,2852,20.46,,,,
69,7/18/2018 2:23,2681,2879.3,20.48,,,,
70,7/18/2018 2:53,2704,2903.5,20.48,,,,
71,7/18/2018 3:23,2725.5,2927.1,20.49,,,,
72,7/18/2018 3:53,2745.4,2949.4,20.5,,,,
73,7/18/2018 4:23,2764.8,2970.5,20.5,,,,
74,7/18/2018 4:53,2782.7,2991,20.51,,,,
75,7/18/2018 5:23,2799.5,3008.4,20.51,,,,
76,7/18/2018 5:53,2815.3,3024.6,20.52,,,,
77,7/18/2018 6:23,2828.5,3040.2,20.52,,,,
78,7/18/2018 6:53,2841.2,3052.2,20.52,,,,
79,7/18/2018 7:23,2850.7,3064.7,20.52,,,,
80,7/18/2018 7:53,2861.8,3074.3,20.54,,,,
81,7/18/2018 8:23,2870.2,3083.2,20.54,,,,
82,7/18/2018 8:53,2877.6,3090.4,20.54,,,,
83,7/18/2018 9:23,2884,3097,20.54,,,,
84,7/18/2018 9:53,2888.7,3102.9,20.55,,,,
85,7/18/2018 10:23,2893.5,3107.1,20.54,,,,
86,7/18/2018 10:53,2896.1,3110.7,20.55,,,,
87,7/18/2018 11:23,2898.8,3113.1,20.55,,,,
88,7/18/2018 11:53,2902,3115.5,20.55,,,,
89,7/18/2018 12:23,2903,3116,20.55,,,,
90,7/18/2018 12:53,2904.6,3117.2,20.55,,,,
91,7/18/2018 13:23,2905.2,3118.4,20.54,,,,
92,7/18/2018 13:53,2905.7,3117.8,20.54,,,,
93,7/18/2018 14:23,2904.6,3117.2,20.54,,,,
94,7/18/2018 14:53,2904.6,3116,20.52,,,,
95,7/18/2018 15:23,2904.1,3114.9,20.52,,,,
96,7/18/2018 15:53,2902.5,3112.5,20.52,,,,
97,7/18/2018 16:23,2900.4,3110.1,20.52,,,,
98,7/18/2018 16:53,2898.3,3106.5,20.52,,,,
99,7/18/2018 17:23,2896.7,3103.5,20.51,,,,
100,7/18/2018 17:53,2893.5,3100,20.51,,,,
101,7/18/2018 18:23,2889.3,3096.4,20.51,,,,
102,7/18/2018 18:53,2882.9,3088,20.51,,,,
103,7/18/2018 19:23,2876.6,3082.1,20.51,,,,
104,7/18/2018 19:53,2870.7,3075.5,20.51,,,,
105,7/18/2018 20:23,2864.4,3068.9,20.5,,,,
106,7/18/2018 20:53,2859.1,3061.7,20.51,,,,
107,7/18/2018 21:23,2851.7,3054.6,20.51,,,,
108,7/18/2018 21:53,2846.4,3047.4,20.5,,,,
109,7/18/2018 22:23,2840.1,3039,20.51,,,,
110,7/18/2018 22:53,2832.2,3031.8,20.51,,,,
111,7/18/2018 23:23,2825.9,3024,20.51,,,,
112,7/18/2018 23:53,2819.5,3016.8,20.51,,,,
113,7/19/2018 0:23,2813.7,3008.4,20.51,,,,
114,7/19/2018 0:53,2807.4,3001.8,20.5,,,,
115,7/19/2018 1:23,2803.2,2994.6,20.5,,,,
116,7/19/2018 1:53,2796.4,2987.4,20.5,,,,
117,7/19/2018 2:23,2792.7,2980.1,20.5,,,,
118,7/19/2018 2:53,2786.9,2974.1,20.5,,,,
119,7/19/2018 3:23,2781.6,2968.7,20.5,,,,
120,7/19/2018 3:53,2779,2962.7,20.5,,,,
121,7/19/2018 4:23,2773.7,2957.3,20.49,,,,
122,7/19/2018 4:53,2770.1,2952.4,20.49,,,,
123,7/19/2018 5:23,2765.3,2946.4,20.49,,,,
124,7/19/2018 5:53,2761.7,2942.2,20.48,,,,
125,7/19/2018 6:23,2758.5,2937.3,20.48,,,,
126,7/19/2018 6:53,2754.3,2931.9,20.48,,,,
127,7/19/2018 7:23,2750.6,2926.5,20.46,,,,
128,7/19/2018 7:53,2745.4,2921.6,20.46,,,,
129,7/19/2018 8:23,2740.7,2915.6,20.45,,,,
130,7/19/2018 8:53,2735.4,2909.6,20.45,,,,
131,7/19/2018 9:23,2731.2,2902.9,20.44,,,,
132,7/19/2018 9:53,2725.5,2896.9,20.43,,,,
133,7/19/2018 10:23,2718.1,2890.2,20.43,,,,
134,7/19/2018 10:53,2712.9,2883.5,20.42,,,,
135,7/19/2018 11:23,2705,2875,20.42,,,,
136,7/19/2018 11:53,2698.8,2867.8,20.4,,,,
137,7/19/2018 12:23,2692.5,2859.9,20.39,,,,
138,7/19/2018 12:53,2686.2,2851.4,20.38,,,,
139,7/19/2018 13:23,2678.9,2844.1,20.37,,,,
140,7/19/2018 13:53,2672.6,2836.2,20.36,,,,
141,7/19/2018 14:23,2666.4,2828.9,20.36,,,,
142,7/19/2018 14:53,2659.6,2822.2,20.35,,,,
143,7/19/2018 15:23,2653.3,2815.5,20.33,,,,
144,7/19/2018 15:53,2648.1,2808.8,20.32,,,,
145,7/19/2018 16:23,2642.4,2802.1,20.32,,,,
146,7/19/2018 16:53,2637.2,2796.6,20.31,,,,
147,7/19/2018 17:23,2631.4,2791.2,20.3,,,,
148,7/19/2018 17:53,2626.2,2784.5,20.3,,,,
149,7/19/2018 18:23,2620.5,2779,20.29,,,,
150,7/19/2018 18:53,2615.8,2772.3,20.27,,,,
151,7/19/2018 19:23,2610.6,2766.8,20.26,,,,
152,7/19/2018 19:53,2604.4,2760.7,20.26,,,,
153,7/19/2018 20:23,2599.2,2755.2,20.26,,,,
154,7/19/2018 20:53,2594.5,2749.7,20.25,,,,
155,7/19/2018 21:23,2589.3,2744.2,20.25,,,,
156,7/19/2018 21:53,2585.2,2738,20.24,,,,
157,7/19/2018 22:23,2580.5,2733.2,20.24,,,,
158,7/19/2018 22:53,2575.8,2727.6,20.24,,,,
159,7/19/2018 23:23,2571.1,2722.8,20.24,,,,
160,7/19/2018 23:53,2567,2718.5,20.23,,,,
161,7/20/2018 0:23,2562.8,2714.2,20.23,,,,
162,7/20/2018 0:53,2559.2,2709.9,20.23,,,,
163,7/20/2018 1:23,2555.1,2706.2,20.23,,,,
164,7/20/2018 1:53,2552,2701.9,20.21,,,,
165,7/20/2018 2:23,2548.3,2698.9,20.21,,,,
166,7/20/2018 2:53,2545.7,2694.6,20.23,,,,
167,7/20/2018 3:23,2543.2,2692.1,20.21,,,,
168,7/20/2018 3:53,2539,2687.8,20.21,,,,
169,7/20/2018 4:23,2536.9,2685.4,20.2,,,,
170,7/20/2018 4:53,2533.3,2682.3,20.2,,,,
171,7/20/2018 5:23,2530.7,2679.9,20.2,,,,
172,7/20/2018 5:53,2528.1,2676.8,20.19,,,,
173,7/20/2018 6:23,2525,2673.7,20.19,,,,
174,7/20/2018 6:53,2522.5,2670,20.18,,,,
175,7/20/2018 7:23,2518.8,2667,20.18,,,,
176,7/20/2018 7:53,2516.2,2663.9,20.18,,,,
177,7/20/2018 8:23,2513.7,2661.4,20.17,,,,
178,7/20/2018 8:53,2511.1,2658.4,20.16,,,,
179,7/20/2018 9:23,2508.5,2655.9,20.16,,,,
180,7/20/2018 9:53,2505.9,2651.6,20.14,,,,
181,7/20/2018 10:23,2502.3,2649.8,20.14,,,,
182,7/20/2018 10:53,2499.7,2646.7,20.13,,,,
183,7/20/2018 11:23,2498.2,2644.2,20.13,,,,
184,7/20/2018 11:53,2495.6,2640.5,20.12,,,,
185,7/20/2018 12:23,2493,2638.1,20.12,,,,
186,7/20/2018 12:53,2489.4,2635,20.11,,,,
187,7/20/2018 13:23,2486.8,2632.5,20.1,,,,
188,7/20/2018 13:53,2484.2,2628.9,20.1,,,,
189,7/20/2018 14:23,2481.1,2626.4,20.08,,,,
190,7/20/2018 14:53,2478,2622.1,20.07,,,,
191,7/20/2018 15:23,2474.4,2619,20.06,,,,
192,7/20/2018 15:53,2471.8,2615.9,20.06,,,,
193,7/20/2018 16:23,0,0,25.4,,,,
194,7/20/2018 16:53,2813.7,3001.8,19.99,,,,
195,7/20/2018 17:23,2791.1,2977.1,19.79,,,,
196,7/20/2018 17:53,2780.6,2965.7,19.7,,,,
197,7/20/2018 18:23,2776.4,2961.5,19.67,,,,
198,7/20/2018 18:53,2773.7,2959.7,19.65,,,,
199,7/20/2018 19:23,2772.2,2958.5,19.62,,,,
200,7/20/2018 19:53,2771.1,2957.3,19.62,,,,
201,7/20/2018 20:23,2771.1,2956.7,19.61,,,,
202,7/20/2018 20:53,2771.1,2956.7,19.6,,,,
203,7/20/2018 21:23,2771.1,2957.3,19.6,,,,
204,7/20/2018 21:53,2770.6,2957.3,19.6,,,,
205,7/20/2018 22:23,2770.1,2957.3,19.59,,,,
206,7/20/2018 22:53,2771.1,2957.9,19.59,,,,
207,7/20/2018 23:23,2771.1,2957.9,19.59,,,,
208,7/20/2018 23:53,2771.6,2957.9,19.57,,,,
209,7/21/2018 0:23,2771.6,2959.1,19.57,,,,
210,7/21/2018 0:53,2770.6,2957.9,19.57,,,,
211,7/21/2018 1:23,2770.6,2959.1,19.57,,,,
212,7/21/2018 1:53,2770.1,2959.1,19.57,,,,
213,7/21/2018 2:23,2771.6,2959.1,19.56,,,,
214,7/21/2018 2:53,2770.6,2959.7,19.57,,,,
215,7/21/2018 3:23,2771.6,2959.7,19.56,,,,
216,7/21/2018 3:53,2772.7,2959.7,19.56,,,,
217,7/21/2018 4:23,2772.2,2960.3,19.56,,,,
218,7/21/2018 4:53,2773.7,2961.5,19.56,,,,
219,7/21/2018 5:23,2773.7,2962.1,19.56,,,,
220,7/21/2018 5:53,2774.8,2962.1,19.56,,,,
221,7/21/2018 6:23,2775.3,2962.7,19.56,,,,
222,7/21/2018 6:53,2775.8,2963.3,19.56,,,,
223,7/21/2018 7:23,2775.8,2963.9,19.56,,,,
224,7/21/2018 7:53,2775.8,2963.9,19.56,,,,
225,7/21/2018 8:23,2775.3,2964.5,19.56,,,,
226,7/21/2018 8:53,2775.8,2964.5,19.56,,,,
227,7/21/2018 9:23,2776.9,2965.1,19.57,,,,
228,7/21/2018 9:53,2776.9,2965.7,19.56,,,,
229,7/21/2018 10:23,2777.4,2966.3,19.56,,,,
230,7/21/2018 10:53,2777.4,2966.3,19.56,,,,
231,7/21/2018 11:23,2777.9,2966.9,19.56,,,,
232,7/21/2018 11:53,2779,2967.5,19.56,,,,
233,7/21/2018 12:23,2779,2967.5,19.56,,,,
234,7/21/2018 12:53,2778.5,2967.5,19.55,,,,
235,7/21/2018 13:23,2777.9,2967.5,19.55,,,,
236,7/21/2018 13:53,2780.6,2968.7,19.54,,,,
237,7/21/2018 14:23,2780.6,2969.9,19.54,,,,
238,7/21/2018 14:53,2782.7,2971.1,19.54,,,,
239,7/21/2018 15:23,2784.3,2972.3,19.54,,,,
240,7/21/2018 15:53,2786.9,2974.7,19.54,,,,
241,7/21/2018 16:23,2789.5,2977.7,19.54,,,,
242,7/21/2018 16:53,2791.6,2980.1,19.54,,,,
243,7/21/2018 17:23,2794.8,2983.1,19.54,,,,
244,7/21/2018 17:53,2797.9,2986.8,19.54,,,,
245,7/21/2018 18:23,2800.6,2990.4,19.54,,,,
246,7/21/2018 18:53,2803.7,2993.4,19.54,,,,
247,7/21/2018 19:23,2806.4,2995.8,19.53,,,,
248,7/21/2018 19:53,2809,2998.2,19.53,,,,
249,7/21/2018 20:23,2810,3001.2,19.53,,,,
250,7/21/2018 20:53,2812.7,3003,19.53,,,,
251,7/21/2018 21:23,2814.8,3005.4,19.53,,,,
252,7/21/2018 21:53,2816.9,3006.6,19.53,,,,
253,7/21/2018 22:23,2816.9,3007.8,19.53,,,,
254,7/21/2018 22:53,2819.5,3010.2,19.51,,,,
255,7/21/2018 23:23,2821.1,3012.6,19.51,,,,
256,7/21/2018 23:53,2822.2,3014.4,19.51,,,,
257,7/22/2018 0:23,2825.3,3016.2,19.51,,,,
258,7/22/2018 0:53,2826.9,3018,19.51,,,,
259,7/22/2018 1:23,2828.5,3020.4,19.5,,,,
260,7/22/2018 1:53,2830.6,3022.8,19.49,,,,
261,7/22/2018 2:23,2833.2,3024.6,19.5,,,,
262,7/22/2018 2:53,2834.3,3027,19.5,,,,
263,7/22/2018 3:23,2835.9,3028.2,19.5,,,,
264,7/22/2018 3:53,2837.5,3029.4,19.5,,,,
265,7/22/2018 4:23,2839,3031.8,19.49,,,,
266,7/22/2018 4:53,2840.6,3033,19.5,,,,
267,7/22/2018 5:23,2842.2,3034.8,19.49,,,,
268,7/22/2018 5:53,2843.3,3035.4,19.49,,,,
269,7/22/2018 6:23,2844.3,3037.2,19.49,,,,
270,7/22/2018 6:53,2845.9,3038.4,19.49,,,,
271,7/22/2018 7:23,2845.4,3039.6,19.48,,,,
272,7/22/2018 7:53,2847,3039.6,19.48,,,,
273,7/22/2018 8:23,2847,3040.2,19.48,,,,
274,7/22/2018 8:53,2848.6,3041.4,19.48,,,,
275,7/22/2018 9:23,2848.6,3042,19.47,,,,
276,7/22/2018 9:53,2848.6,3042,19.47,,,,
277,7/22/2018 10:23,2849.6,3042.6,19.47,,,,
278,7/22/2018 10:53,2850.1,3043.2,19.47,,,,
279,7/22/2018 11:23,2850.7,3043.2,19.47,,,,
280,7/22/2018 11:53,2850.7,3043.2,19.47,,,,
281,7/22/2018 12:23,2851.7,3043.8,19.47,,,,
282,7/22/2018 12:53,2851.7,3045,19.46,,,,
283,7/22/2018 13:23,2851.7,3044.4,19.46,,,,
284,7/22/2018 13:53,2852.2,3044.4,19.46,,,,
285,7/22/2018 14:23,2852.8,3045,19.44,,,,
286,7/22/2018 14:53,2853.8,3045,19.44,,,,
287,7/22/2018 15:23,2853.8,3046.2,19.44,,,,
288,7/22/2018 15:53,2853.8,3046.2,19.44,,,,
289,7/22/2018 16:23,2855.4,3046.8,19.44,,,,
290,7/22/2018 16:53,2855.4,3047.4,19.43,,,,
291,7/22/2018 17:23,2855.4,3047.4,19.43,,,,
292,7/22/2018 17:53,2855.9,3048,19.42,,,,
293,7/22/2018 18:23,2856.5,3048.6,19.42,,,,
294,7/22/2018 18:53,2858.6,3049.2,19.42,,,,
295,7/22/2018 19:23,2858.6,3050.4,19.42,,,,
296,7/22/2018 19:53,2859.6,3051,19.42,,,,
297,7/22/2018 20:23,2859.6,3051.6,19.41,,,,
298,7/22/2018 20:53,2860.7,3051.6,19.41,,,,
299,7/22/2018 21:23,2860.2,3052.2,19.41,,,,
300,7/22/2018 21:53,2860.7,3052.2,19.4,,,,
301,7/22/2018 22:23,2861.8,3052.2,19.41,,,,
302,7/22/2018 22:53,2861.8,3052.8,19.4,,,,
303,7/22/2018 23:23,2862.3,3054,19.4,,,,
304,7/22/2018 23:53,2863.3,3054,19.4,,,,
305,7/23/2018 0:23,2863.3,3054,19.4,,,,
306,7/23/2018 0:53,2863.3,3054.6,19.4,,,,
307,7/23/2018 1:23,2864.9,3055.1,19.38,,,,
308,7/23/2018 1:53,2864.9,3055.1,19.38,,,,
309,7/23/2018 2:23,2864.9,3055.1,19.38,,,,
310,7/23/2018 2:53,2866.5,3056.9,19.38,,,,
311,7/23/2018 3:23,2867.6,3057.5,19.38,,,,
312,7/23/2018 3:53,2868.1,3059.3,19.37,,,,
313,7/23/2018 4:23,2869.2,3060.5,19.37,,,,
314,7/23/2018 4:53,2870.7,3061.7,19.37,,,,
315,7/23/2018 5:23,2871.8,3063.5,19.37,,,,
316,7/23/2018 5:53,2873.9,3064.1,19.37,,,,
317,7/23/2018 6:23,2875,3064.7,19.37,,,,
318,7/23/2018 6:53,2875,3065.9,19.37,,,,
319,7/23/2018 7:23,2876,3066.5,19.37,,,,
320,7/23/2018 7:53,2875.5,3066.5,19.37,,,,
321,7/23/2018 8:23,2876.6,3066.5,19.37,,,,
322,7/23/2018 8:53,2875.5,3065.9,19.37,,,,
323,7/23/2018 9:23,2875.5,3065.9,19.36,,,,
324,7/23/2018 9:53,2876.6,3066.5,19.36,,,,
325,7/23/2018 10:23,2876.6,3066.5,19.36,,,,
326,7/23/2018 10:53,2876.6,3066.5,19.36,,,,
327,7/23/2018 11:23,2877.1,3067.1,19.36,,,,
328,7/23/2018 11:53,2877.1,3066.5,19.36,,,,
329,7/23/2018 12:23,2877.1,3067.1,19.36,,,,
330,7/23/2018 12:53,2877.6,3067.7,19.35,,,,
331,7/23/2018 13:23,2878.1,3067.7,19.35,,,,
332,7/23/2018 13:53,2878.7,3068.3,19.35,,,,
333,7/23/2018 14:23,2879.2,3069.5,19.35,,,,
334,7/23/2018 14:53,2879.7,3068.9,19.35,,,,
335,7/23/2018 15:23,2880.3,3070.1,19.35,,,,
336,7/23/2018 15:53,2881.3,3070.7,19.35,,,,
337,7/23/2018 16:23,2881.9,3071.3,19.35,,,,
338,7/23/2018 16:53,2883.4,3071.9,19.35,,,,
339,7/23/2018 17:23,2883.4,3072.5,19.35,,,,
340,7/23/2018 17:53,2884.5,3073.7,19.35,,,,
341,7/23/2018 18:23,2884.5,3073.1,19.35,,,,
342,7/23/2018 18:53,2884.5,3074.3,19.35,,,,
343,7/23/2018 19:23,2885,3074.3,19.35,,,,
344,7/23/2018 19:53,2885.6,3074.3,19.35,,,,
345,7/23/2018 20:23,2886.1,3074.9,19.35,,,,
346,7/23/2018 20:53,2886.6,3075.5,19.35,,,,
347,7/23/2018 21:23,2886.6,3075.5,19.35,,,,
348,7/23/2018 21:53,2887.7,3075.5,19.34,,,,
349,7/23/2018 22:23,2887.7,3076.1,19.35,,,,
350,7/23/2018 22:53,2887.7,3076.7,19.35,,,,
351,7/23/2018 23:23,2888.2,3077.3,19.35,,,,
352,7/23/2018 23:53,2889.3,3077.3,19.35,,,,
353,7/24/2018 0:23,2890.9,3078.5,19.35,,,,
354,7/24/2018 0:53,2891.4,3078.5,19.35,,,,
355,7/24/2018 1:23,2891.4,3078.5,19.35,,,,
356,7/24/2018 1:53,2891.4,3079.1,19.35,,,,
357,7/24/2018 2:23,2892.4,3080.3,19.34,,,,
358,7/24/2018 2:53,2892.4,3080.3,19.34,,,,
359,7/24/2018 3:23,2893,3081.5,19.34,,,,
360,7/24/2018 3:53,2896.7,3085,19.35,,,,
361,7/24/2018 4:23,2897.7,3085.6,19.35,,,,
362,7/24/2018 4:53,2898.8,3086.8,19.35,,,,
363,7/24/2018 5:23,2900.4,3089.2,19.35,,,,
364,7/24/2018 5:53,2904.1,3092.2,19.36,,,,
365,7/24/2018 6:23,2903,3091.6,19.37,,,,
366,7/24/2018 6:53,2905.2,3093.4,19.36,,,,
367,7/24/2018 7:23,2906.7,3094,19.36,,,,
368,7/24/2018 7:53,2906.2,3095.2,19.37,,,,
369,7/24/2018 8:23,2908.3,3095.8,19.37,,,,
370,7/24/2018 8:53,2908.3,3095.8,19.37,,,,
371,7/24/2018 9:23,2909.9,3097,19.37,,,,
372,7/24/2018 9:53,2908.9,3097,19.37,,,,
373,7/24/2018 10:23,2908.9,3095.8,19.38,,,,
374,7/24/2018 10:53,2908.9,3097,19.38,,,,
375,7/24/2018 11:23,2908.9,3097,19.38,,,,
376,7/24/2018 11:53,2909.9,3097,19.38,,,,
377,7/24/2018 12:23,2909.9,3098.2,19.38,,,,
378,7/24/2018 12:53,2911.5,3098.2,19.38,,,,
379,7/24/2018 13:23,2911.5,3098.8,19.38,,,,
380,7/24/2018 13:53,2913.1,3099.4,19.38,,,,
381,7/24/2018 14:23,2912,3099.4,19.4,,,,
382,7/24/2018 14:53,2914.2,3100.6,19.38,,,,
383,7/24/2018 15:23,2914.2,3101.1,19.4,,,,
384,7/24/2018 15:53,2914.2,3101.7,19.4,,,,
385,7/24/2018 16:23,2915.8,3103.5,19.41,,,,
386,7/24/2018 16:53,2918.4,3105.3,19.41,,,,
387,7/24/2018 17:23,2920,3107.1,19.41,,,,
388,7/24/2018 17:53,2921.1,3107.7,19.41,,,,
389,7/24/2018 18:23,2921.1,3107.7,19.41,,,,
390,7/24/2018 18:53,2922.1,3108.9,19.41,,,,
391,7/24/2018 19:23,2922.1,3110.1,19.41,,,,
392,7/24/2018 19:53,2922.7,3109.5,19.42,,,,
393,7/24/2018 20:23,2922.1,3110.1,19.42,,,,
394,7/24/2018 20:53,2922.7,3109.5,19.42,,,,
395,7/24/2018 21:23,2921.1,3108.9,19.42,,,,
396,7/24/2018 21:53,2922.7,3110.1,19.42,,,,
397,7/24/2018 22:23,2922.7,3110.1,19.43,,,,
398,7/24/2018 22:53,2923.2,3110.7,19.42,,,,
399,7/24/2018 23:23,2924.2,3111.3,19.43,,,,
400,7/24/2018 23:53,2924.2,3111.3,19.43,,,,
401,7/25/2018 0:23,2925.3,3113.1,19.43,,,,
402,7/25/2018 0:53,2926.9,3113.1,19.43,,,,
403,7/25/2018 1:23,2925.3,3112.5,19.43,,,,
404,7/25/2018 1:53,2926.9,3113.7,19.43,,,,
405,7/25/2018 2:23,2926.9,3114.3,19.43,,,,
406,7/25/2018 2:53,2928,3114.3,19.44,,,,
407,7/25/2018 3:23,2928.5,3114.3,19.43,,,,
408,7/25/2018 3:53,2929,3115.5,19.43,,,,
409,7/25/2018 4:23,2930.1,3115.5,19.43,,,,
410,7/25/2018 4:53,2930.1,3116,19.44,,,,
411,7/25/2018 5:23,2930.1,3116.6,19.44,,,,
412,7/25/2018 5:53,2931.1,3117.2,19.44,,,,
413,7/25/2018 6:23,2932.7,3118.4,19.44,,,,
414,7/25/2018 6:53,2933.3,3120.2,19.44,,,,
415,7/25/2018 7:23,2935.4,3122,19.44,,,,
416,7/25/2018 7:53,2934.3,3121.4,19.46,,,,
417,7/25/2018 8:23,2934.3,3120.2,19.46,,,,
418,7/25/2018 8:53,2933.3,3119.6,19.46,,,,
419,7/25/2018 9:23,2934.3,3120.8,19.46,,,,
420,7/25/2018 9:53,2934.3,3121.4,19.46,,,,
421,7/25/2018 10:23,2934.3,3120.8,19.46,,,,
422,7/25/2018 10:53,2934.9,3121.4,19.46,,,,
423,7/25/2018 11:23,2935.4,3122,19.46,,,,
424,7/25/2018 11:53,2937.5,3123.2,19.47,,,,
425,7/25/2018 12:23,2937.5,3123.8,19.47,,,,
426,7/25/2018 12:53,2937,3123.8,19.47,,,,
427,7/25/2018 13:23,2938.6,3125,19.47,,,,
428,7/25/2018 13:53,2938,3124.4,19.47,,,,
429,7/25/2018 14:23,2939.1,3124.4,19.47,,,,
430,7/25/2018 14:53,2940.2,3126.2,19.47,,,,
431,7/25/2018 15:23,2940.2,3125.6,19.47,,,,
432,7/25/2018 15:53,2940.2,3126.2,19.47,,,,
433,7/25/2018 16:23,2940.2,3126.2,19.48,,,,
434,7/25/2018 16:53,2940.2,3126.8,19.47,,,,
435,7/25/2018 17:23,2940.7,3126.8,19.47,,,,
436,7/25/2018 17:53,2941.8,3127.4,19.47,,,,
437,7/25/2018 18:23,2941.2,3127.4,19.48,,,,
438,7/25/2018 18:53,2941.8,3128,19.48,,,,
439,7/25/2018 19:23,2942.8,3128.6,19.48,,,,
440,7/25/2018 19:53,2942.3,3128,19.48,,,,
441,7/25/2018 20:23,2942.8,3128,19.47,,,,
442,7/25/2018 20:53,2944.4,3129.7,19.48,,,,
443,7/25/2018 21:23,2944.4,3129.7,19.48,,,,
444,7/25/2018 21:53,2944.4,3129.7,19.48,,,,
445,7/25/2018 22:23,2945.5,3130.3,19.48,,,,
446,7/25/2018 22:53,2945.5,3131.5,19.48,,,,
447,7/25/2018 23:23,2945.5,3130.9,19.48,,,,
448,7/25/2018 23:53,2946,3132.1,19.48,,,,
449,7/26/2018 0:23,2946.5,3131.5,19.48,,,,
450,7/26/2018 0:53,2947.1,3132.1,19.49,,,,
451,7/26/2018 1:23,2947.6,3132.7,19.49,,,,
452,7/26/2018 1:53,2947.6,3133.3,19.49,,,,
453,7/26/2018 2:23,2947.6,3133.9,19.49,,,,
454,7/26/2018 2:53,2948.1,3133.9,19.5,,,,
455,7/26/2018 3:23,2949.2,3134.5,19.49,,,,
456,7/26/2018 3:53,2949.2,3135.7,19.5,,,,
457,7/26/2018 4:23,2950.3,3135.7,19.5,,,,
458,7/26/2018 4:53,2950.3,3136.3,19.5,,,,
459,7/26/2018 5:23,2950.3,3136.3,19.5,,,,
460,7/26/2018 5:53,2952.9,3138.1,19.51,,,,
461,7/26/2018 6:23,2952.4,3137.5,19.51,,,,
462,7/26/2018 6:53,2952.9,3138.7,19.51,,,,
463,7/26/2018 7:23,2954,3138.7,19.51,,,,
464,7/26/2018 7:53,2954,3139.3,19.51,,,,
465,7/26/2018 8:23,2954.5,3139.9,19.51,,,,
466,7/26/2018 8:53,2955.6,3140.4,19.53,,,,
467,7/26/2018 9:23,2955.6,3140.4,19.53,,,,
468,7/26/2018 9:53,2955.6,3141.6,19.53,,,,
469,7/26/2018 10:23,2957.2,3141.6,19.53,,,,
470,7/26/2018 10:53,2957.2,3142.2,19.53,,,,
471,7/26/2018 11:23,2957.2,3142.2,19.54,,,,
472,7/26/2018 11:53,2956.1,3142.2,19.54,,,,
473,7/26/2018 12:21,,,,,Logged,,
474,7/26/2018 12:21,,,,,,Logged,Logged
1,7/26/2018 12:23,2923.7,3108.9,20.25,Logged,,,
2,7/26/2018 12:53,2945,3128.6,19.82,,,,
3,7/26/2018 13:23,2924.2,3106.5,19.68,,,,
4,7/26/2018 13:53,2915.2,3096.4,19.62,,,,
5,7/26/2018 14:23,2913.1,3092.2,19.59,,,,
6,7/26/2018 14:53,2910.5,3091,19.57,,,,
7,7/26/2018 15:23,2908.9,3089.8,19.56,,,,
8,7/26/2018 15:53,2908.3,3089.2,19.56,,,,
9,7/26/2018 16:23,2909.4,3089.2,19.56,,,,
10,7/26/2018 16:53,2908.3,3089.2,19.55,,,,
11,7/26/2018 17:23,2908.3,3089.2,19.55,,,,
12,7/26/2018 17:53,2908.9,3089.8,19.55,,,,
13,7/26/2018 18:23,2909.4,3090.4,19.55,,,,
14,7/26/2018 18:53,2909.4,3090.4,19.55,,,,
15,7/26/2018 19:23,2910.5,3091,19.55,,,,
16,7/26/2018 19:53,2912,3091.6,19.55,,,,
17,7/26/2018 20:23,2911.5,3092.8,19.55,,,,
18,7/26/2018 20:53,2912.6,3093.4,19.55,,,,
19,7/26/2018 21:23,2913.6,3093.4,19.55,,,,
20,7/26/2018 21:53,2914.2,3094.6,19.55,,,,
21,7/26/2018 22:23,2914.2,3094.6,19.55,,,,
22,7/26/2018 22:53,2915.2,3096.4,19.56,,,,
23,7/26/2018 23:23,2915.2,3097,19.56,,,,
24,7/26/2018 23:53,2916.3,3097,19.56,,,,
25,7/27/2018 0:23,2916.8,3098.2,19.56,,,,
26,7/27/2018 0:53,2917.9,3098.8,19.56,,,,
27,7/27/2018 1:23,2918.9,3100,19.57,,,,
28,7/27/2018 1:53,2918.9,3100.6,19.56,,,,
29,7/27/2018 2:23,2918.9,3101.1,19.57,,,,
30,7/27/2018 2:53,2920,3101.7,19.57,,,,
31,7/27/2018 3:23,2921.1,3102.9,19.59,,,,
32,7/27/2018 3:53,2921.6,3103.5,19.59,,,,
33,7/27/2018 4:23,2923.7,3104.7,19.59,,,,
34,7/27/2018 4:53,2922.7,3105.3,19.59,,,,
35,7/27/2018 5:23,2924.2,3105.9,19.6,,,,
36,7/27/2018 5:53,2925.3,3105.9,19.6,,,,
37,7/27/2018 6:23,2926.4,3107.7,19.6,,,,
38,7/27/2018 6:53,2926.4,3108.3,19.61,,,,
39,7/27/2018 7:23,2927.4,3108.3,19.61,,,,
40,7/27/2018 7:53,2928.5,3110.7,19.61,,,,
41,7/27/2018 8:23,2928.5,3110.7,19.62,,,,
42,7/27/2018 8:53,2928.5,3111.9,19.62,,,,
43,7/27/2018 9:23,2929.6,3112.5,19.62,,,,
44,7/27/2018 9:53,2930.1,3112.5,19.63,,,,
45,7/27/2018 10:23,2930.1,3112.5,19.63,,,,
46,7/27/2018 10:53,2931.1,3113.7,19.63,,,,
47,7/27/2018 11:23,2931.7,3114.9,19.63,,,,
48,7/27/2018 11:53,2932.7,3114.9,19.65,,,,
49,7/27/2018 12:23,2933.3,3115.5,19.65,,,,
50,7/27/2018 12:53,2934.3,3116,19.65,,,,
51,7/27/2018 13:23,2935.4,3116.6,19.65,,,,
52,7/27/2018 13:53,2934.3,3117.2,19.66,,,,
53,7/27/2018 14:23,2935.4,3118.4,19.66,,,,
54,7/27/2018 14:53,2936.5,3117.8,19.66,,,,
55,7/27/2018 15:23,2935.4,3119,19.66,,,,
56,7/27/2018 15:53,2936.5,3118.4,19.67,,,,
57,7/27/2018 16:23,2936.5,3119.6,19.66,,,,
58,7/27/2018 16:53,2935.4,3118.4,19.65,,,,
59,7/27/2018 17:23,2937,3120.2,19.66,,,,
60,7/27/2018 17:53,2941.8,3123.8,19.67,,,,
61,7/27/2018 18:23,2944.4,3125.6,19.67,,,,
62,7/27/2018 18:53,2943.9,3126.8,19.67,,,,
63,7/27/2018 19:23,2943.9,3127.4,19.67,,,,
64,7/27/2018 19:53,2944.4,3127.4,19.68,,,,
65,7/27/2018 20:23,2944.4,3126.8,19.68,,,,
66,7/27/2018 20:53,2944.4,3127.4,19.68,,,,
67,7/27/2018 21:23,2945.5,3128.6,19.68,,,,
68,7/27/2018 21:53,2945.5,3128,19.68,,,,
69,7/27/2018 22:23,2946,3128.6,19.68,,,,
70,7/27/2018 22:53,2947.1,3129.7,19.68,,,,
71,7/27/2018 23:23,2947.1,3129.7,19.69,,,,
72,7/27/2018 23:53,2947.6,3130.9,19.69,,,,
73,7/28/2018 0:23,2948.7,3131.5,19.7,,,,
74,7/28/2018 0:53,2948.7,3132.1,19.69,,,,
75,7/28/2018 1:23,2949.7,3132.7,19.7,,,,
76,7/28/2018 1:53,2949.7,3133.3,19.7,,,,
77,7/28/2018 2:23,2949.7,3133.3,19.7,,,,
78,7/28/2018 2:53,2951.3,3133.9,19.72,,,,
79,7/28/2018 3:23,2952.4,3134.5,19.72,,,,
80,7/28/2018 3:53,2952.4,3135.1,19.73,,,,
81,7/28/2018 4:23,2952.4,3135.7,19.73,,,,
82,7/28/2018 4:53,2953.5,3136.9,19.73,,,,
83,7/28/2018 5:23,2955.1,3137.5,19.74,,,,
84,7/28/2018 5:53,2955.1,3138.7,19.74,,,,
85,7/28/2018 6:23,2956.1,3138.1,19.74,,,,
86,7/28/2018 6:53,2956.6,3139.3,19.74,,,,
87,7/28/2018 7:23,2957.2,3139.9,19.74,,,,
88,7/28/2018 7:53,2957.7,3141,19.75,,,,
89,7/28/2018 8:23,2958.2,3140.4,19.75,,,,
90,7/28/2018 8:53,2959.3,3141.6,19.75,,,,
91,7/28/2018 9:23,2958.8,3141.6,19.75,,,,
92,7/28/2018 9:53,2959.3,3142.8,19.76,,,,
93,7/28/2018 10:23,2959.3,3142.8,19.76,,,,
94,7/28/2018 10:53,2960.9,3143.4,19.75,,,,
95,7/28/2018 11:23,2960.9,3143.4,19.76,,,,
96,7/28/2018 11:53,2960.9,3144,19.76,,,,
97,7/28/2018 12:23,2962,3144.6,19.76,,,,
98,7/28/2018 12:53,2960.9,3144.6,19.76,,,,
99,7/28/2018 13:23,2962,3144.6,19.76,,,,
100,7/28/2018 13:53,2962,3144.6,19.76,,,,
101,7/28/2018 14:23,2962,3145.2,19.76,,,,
102,7/28/2018 14:53,2962,3145.2,19.76,,,,
103,7/28/2018 15:23,2962,3145.8,19.76,,,,
104,7/28/2018 15:53,2963,3145.8,19.76,,,,
105,7/28/2018 16:23,2963.6,3146.4,19.76,,,,
106,7/28/2018 16:53,2963.6,3146.4,19.76,,,,
107,7/28/2018 17:23,2963.6,3147,19.76,,,,
108,7/28/2018 17:53,2963.6,3147,19.76,,,,
109,7/28/2018 18:23,2965.2,3147,19.76,,,,
110,7/28/2018 18:53,2963.6,3147,19.76,,,,
111,7/28/2018 19:23,2964.6,3147.6,19.76,,,,
112,7/28/2018 19:53,2964.6,3147.6,19.78,,,,
113,7/28/2018 20:23,2964.1,3147.6,19.76,,,,
114,7/28/2018 20:53,2965.2,3148.2,19.75,,,,
115,7/28/2018 21:23,2965.2,3147.6,19.76,,,,
116,7/28/2018 21:53,2965.2,3147.6,19.76,,,,
117,7/28/2018 22:23,2965.2,3148.2,19.76,,,,
118,7/28/2018 22:53,2964.1,3148.2,19.76,,,,
119,7/28/2018 23:23,2965.2,3148.8,19.76,,,,
120,7/28/2018 23:53,2965.2,3148.8,19.76,,,,
121,7/29/2018 0:23,2966.8,3148.8,19.76,,,,
122,7/29/2018 0:53,2966.2,3150,19.76,,,,
123,7/29/2018 1:23,2967.8,3149.4,19.78,,,,
124,7/29/2018 1:53,2966.8,3150.6,19.78,,,,
125,7/29/2018 2:23,2966.8,3150.6,19.78,,,,
126,7/29/2018 2:53,2967.3,3151.7,19.78,,,,
127,7/29/2018 3:23,2969.4,3151.7,19.78,,,,
128,7/29/2018 3:53,2969.9,3151.7,19.78,,,,
129,7/29/2018 4:23,2969.9,3152.3,19.79,,,,
130,7/29/2018 4:53,2969.9,3153.5,19.78,,,,
131,7/29/2018 5:23,2971,3153.5,19.79,,,,
132,7/29/2018 5:53,2971,3154.1,19.78,,,,
133,7/29/2018 6:23,2972.1,3154.7,19.79,,,,
134,7/29/2018 6:53,2972.1,3155.9,19.79,,,,
135,7/29/2018 7:23,2974.2,3156.5,19.79,,,,
136,7/29/2018 7:53,2974.2,3156.5,19.8,,,,
137,7/29/2018 8:23,2974.7,3157.7,19.8,,,,
138,7/29/2018 8:53,2974.7,3158.3,19.79,,,,
139,7/29/2018 9:23,2976.3,3158.3,19.8,,,,
140,7/29/2018 9:53,2975.8,3159.5,19.8,,,,
141,7/29/2018 10:23,2977.4,3159.5,19.8,,,,
142,7/29/2018 10:53,2977.4,3160.1,19.79,,,,
143,7/29/2018 11:23,2977.4,3160.6,19.8,,,,
144,7/29/2018 11:53,2977.4,3161.2,19.8,,,,
145,7/29/2018 12:23,2977.4,3161.8,19.8,,,,
146,7/29/2018 12:53,2979,3161.2,19.8,,,,
147,7/29/2018 13:23,2980.1,3161.8,19.8,,,,
148,7/29/2018 13:53,2980.1,3161.8,19.8,,,,
149,7/29/2018 14:23,2979,3163,19.8,,,,
150,7/29/2018 14:53,2980.1,3163,19.8,,,,
151,7/29/2018 15:23,2980.1,3162.4,19.8,,,,
152,7/29/2018 15:53,2980.1,3163,19.8,,,,
153,7/29/2018 16:23,2980.1,3163,19.8,,,,
154,7/29/2018 16:53,2979,3163,19.8,,,,
155,7/29/2018 17:23,2980.6,3163,19.79,,,,
156,7/29/2018 17:53,2980.1,3162.4,19.79,,,,
157,7/29/2018 18:23,2980.1,3163,19.79,,,,
158,7/29/2018 18:53,2980.1,3162.4,19.79,,,,
159,7/29/2018 19:23,2980.1,3163,19.79,,,,
160,7/29/2018 19:53,2980.6,3163,19.79,,,,
161,7/29/2018 20:23,2980.1,3163,19.78,,,,
162,7/29/2018 20:53,2980.6,3163.6,19.78,,,,
163,7/29/2018 21:23,2980.6,3163,19.78,,,,
164,7/29/2018 21:53,2980.6,3163.6,19.78,,,,
165,7/29/2018 22:23,2980.6,3163.6,19.76,,,,
166,7/29/2018 22:53,2980.1,3163,19.76,,,,
167,7/29/2018 23:23,2980.6,3163.6,19.76,,,,
168,7/29/2018 23:53,2980.1,3163.6,19.76,,,,
169,7/30/2018 0:23,2981.7,3164.2,19.76,,,,
170,7/30/2018 0:53,2982.2,3164.2,19.76,,,,
171,7/30/2018 1:23,2982.2,3164.2,19.76,,,,
172,7/30/2018 1:53,2982.2,3165.4,19.76,,,,
173,7/30/2018 2:23,2982.2,3166,19.76,,,,
174,7/30/2018 2:53,2982.2,3166,19.76,,,,
175,7/30/2018 3:23,2983.3,3165.4,19.76,,,,
176,7/30/2018 3:53,2983.3,3166,19.75,,,,
177,7/30/2018 4:23,2983.3,3166,19.76,,,,
178,7/30/2018 4:53,2984.9,3166.6,19.75,,,,
179,7/30/2018 5:23,2984.9,3167.2,19.75,,,,
180,7/30/2018 5:53,2983.8,3167.2,19.75,,,,
181,7/30/2018 6:23,2984.3,3167.2,19.75,,,,
182,7/30/2018 6:53,2984.9,3167.2,19.75,,,,
183,7/30/2018 7:23,2984.9,3167.8,19.75,,,,
184,7/30/2018 7:53,2985.4,3167.8,19.75,,,,
185,7/30/2018 8:23,2984.9,3169,19.75,,,,
186,7/30/2018 8:53,2986.5,3169,19.75,,,,
187,7/30/2018 9:23,2985.4,3169,19.75,,,,
188,7/30/2018 9:53,2987.5,3169.5,19.75,,,,
189,7/30/2018 10:23,2988.1,3170.1,19.75,,,,
190,7/30/2018 10:53,2986.5,3169.5,19.75,,,,
191,7/30/2018 11:23,2986.5,3169.5,19.75,,,,
192,7/30/2018 11:53,2987.5,3169.5,19.74,,,,
193,7/30/2018 12:23,2986.5,3169,19.74,,,,
194,7/30/2018 12:53,2988.1,3169.5,19.74,,,,
195,7/30/2018 13:23,2987.5,3169.5,19.74,,,,
196,7/30/2018 13:53,2988.1,3170.1,19.73,,,,
197,7/30/2018 14:23,2987.5,3170.7,19.73,,,,
198,7/30/2018 14:53,2988.1,3169.5,19.73,,,,
199,7/30/2018 15:23,2988.1,3170.1,19.73,,,,
200,7/30/2018 15:53,2988.1,3170.7,19.73,,,,
201,7/30/2018 16:23,2988.1,3170.1,19.73,,,,
202,7/30/2018 16:53,2988.1,3170.7,19.72,,,,
203,7/30/2018 17:23,2988.1,3171.3,19.72,,,,
204,7/30/2018 17:53,2988.1,3170.7,19.72,,,,
205,7/30/2018 18:23,2988.1,3170.7,19.7,,,,
206,7/30/2018 18:53,2988.1,3170.7,19.7,,,,
207,7/30/2018 19:23,2988.1,3170.7,19.7,,,,
208,7/30/2018 19:53,2987,3169.5,19.7,,,,
209,7/30/2018 20:23,2988.1,3170.7,19.69,,,,
210,7/30/2018 20:53,2988.1,3169.5,19.69,,,,
211,7/30/2018 21:23,2988.1,3170.7,19.69,,,,
212,7/30/2018 21:53,2988.1,3171.9,19.69,,,,
213,7/30/2018 22:23,2989.1,3173.1,19.69,,,,
214,7/30/2018 22:53,2989.7,3173.1,19.69,,,,
215,7/30/2018 23:23,2989.7,3173.1,19.68,,,,
216,7/30/2018 23:53,2990.7,3172.5,19.68,,,,
217,7/31/2018 0:23,2991.3,3173.1,19.68,,,,
218,7/31/2018 0:53,2991.3,3172.5,19.68,,,,
219,7/31/2018 1:23,2991.3,3173.1,19.67,,,,
220,7/31/2018 1:53,2991.3,3172.5,19.67,,,,
221,7/31/2018 2:23,2989.7,3171.9,19.67,,,,
222,7/31/2018 2:53,2989.7,3172.5,19.67,,,,
223,7/31/2018 3:23,2990.7,3172.5,19.67,,,,
224,7/31/2018 3:53,2990.2,3172.5,19.67,,,,
225,7/31/2018 4:23,2990.2,3172.5,19.66,,,,
226,7/31/2018 4:53,2989.7,3172.5,19.66,,,,
227,7/31/2018 5:23,2991.3,3172.5,19.66,,,,
228,7/31/2018 5:53,2991.3,3173.1,19.65,,,,
229,7/31/2018 6:23,2991.3,3173.1,19.66,,,,
230,7/31/2018 6:53,2991.3,3173.7,19.65,,,,
231,7/31/2018 7:23,2991.3,3174.3,19.65,,,,
232,7/31/2018 7:53,2991.8,3174.3,19.65,,,,
233,7/31/2018 8:23,2991.3,3174.3,19.65,,,,
234,7/31/2018 8:53,2991.8,3174.3,19.65,,,,
235,7/31/2018 9:23,2992.9,3174.9,19.65,,,,
236,7/31/2018 9:53,2992.9,3174.3,19.65,,,,
237,7/31/2018 10:23,2991.8,3175.5,19.65,,,,
238,7/31/2018 10:53,2992.9,3175.5,19.65,,,,
239,7/31/2018 11:23,2992.9,3175.5,19.63,,,,
240,7/31/2018 11:53,2992.9,3174.9,19.65,,,,
241,7/31/2018 12:23,2993.9,3176.1,19.63,,,,
242,7/31/2018 12:53,2992.9,3176.1,19.63,,,,
243,7/31/2018 13:23,2993.9,3175.5,19.63,,,,
244,7/31/2018 13:53,2993.4,3176.1,19.63,,,,
245,7/31/2018 14:23,2993.9,3175.5,19.62,,,,
246,7/31/2018 14:53,2994.4,3176.1,19.62,,,,
247,7/31/2018 15:23,2994.4,3176.7,19.62,,,,
248,7/31/2018 15:53,2993.9,3176.1,19.61,,,,
249,7/31/2018 16:23,2993.9,3177.3,19.62,,,,
250,7/31/2018 16:53,2993.9,3176.7,19.61,,,,
251,7/31/2018 17:23,2994.4,3177.3,19.62,,,,
252,7/31/2018 17:53,2993.9,3176.1,19.61,,,,
253,7/31/2018 18:23,2994.4,3177.3,19.61,,,,
254,7/31/2018 18:53,2995,3176.1,19.61,,,,
255,7/31/2018 19:23,2994.4,3177.3,19.6,,,,
256,7/31/2018 19:53,2995.5,3177.3,19.6,,,,
257,7/31/2018 20:23,2994.4,3177.3,19.6,,,,
258,7/31/2018 20:53,2994.4,3177.3,19.6,,,,
259,7/31/2018 21:23,2995.5,3177.3,19.6,,,,
260,7/31/2018 21:53,2995,3177.3,19.6,,,,
261,7/31/2018 22:23,2996,3177.3,19.6,,,,
262,7/31/2018 22:53,2995,3177.3,19.6,,,,
263,7/31/2018 23:23,2996,3177.3,19.6,,,,
264,7/31/2018 23:53,2997.6,3179,19.59,,,,
265,8/1/2018 0:23,2997.1,3179.6,19.6,,,,
266,8/1/2018 0:53,2998.7,3180.2,19.6,,,,
267,8/1/2018 1:23,2998.7,3180.2,19.6,,,,
268,8/1/2018 1:53,2998.7,3182,19.6,,,,
269,8/1/2018 2:23,2999.8,3181.4,19.59,,,,
270,8/1/2018 2:53,2999.8,3181.4,19.59,,,,
271,8/1/2018 3:23,2999.8,3182,19.59,,,,
272,8/1/2018 3:53,3000.8,3183.2,19.6,,,,
273,8/1/2018 4:23,3002.4,3185,19.6,,,,
274,8/1/2018 4:53,3004.6,3186.7,19.6,,,,
275,8/1/2018 5:23,3004.6,3187.3,19.61,,,,
276,8/1/2018 5:53,3005.6,3187.3,19.61,,,,
277,8/1/2018 6:23,3005.1,3188.5,19.61,,,,
278,8/1/2018 6:53,3006.2,3188.5,19.61,,,,
279,8/1/2018 7:23,3007.2,3189.1,19.61,,,,
280,8/1/2018 7:53,3006.7,3187.9,19.61,,,,
281,8/1/2018 8:23,3006.7,3188.5,19.61,,,,
282,8/1/2018 8:53,3007.8,3189.7,19.62,,,,
283,8/1/2018 9:23,3006.7,3189.7,19.62,,,,
284,8/1/2018 9:53,3007.8,3190.3,19.62,,,,
285,8/1/2018 10:23,3007.8,3190.3,19.62,,,,
286,8/1/2018 10:53,3008.8,3189.7,19.62,,,,
287,8/1/2018 11:23,3007.8,3190.3,19.62,,,,
288,8/1/2018 11:53,3007.8,3190.9,19.63,,,,
289,8/1/2018 12:23,3008.8,3191.5,19.63,,,,
290,8/1/2018 12:53,3008.8,3190.9,19.62,,,,
291,8/1/2018 13:11,,,,,Logged,,
292,8/1/2018 13:11,,,,,,Logged,Logged
1,8/1/2018 13:23,0,0,27.99,Logged,,,
2,8/1/2018 13:53,0,0,30.28,,,,
3,8/1/2018 14:23,2949.7,3156.5,19.51,,,,
4,8/1/2018 14:53,2940.2,3142.8,19.3,,,,
5,8/1/2018 15:23,2934.3,3137.5,19.22,,,,
6,8/1/2018 15:53,2929,3130.9,19.18,,,,
7,8/1/2018 16:23,2924.8,3125.6,19.17,,,,
8,8/1/2018 16:53,2922.1,3123.2,19.16,,,,
9,8/1/2018 17:23,2921.1,3121.4,19.15,,,,
10,8/1/2018 17:53,2921.1,3120.8,19.15,,,,
11,8/1/2018 18:23,2921.1,3120.8,19.14,,,,
12,8/1/2018 18:53,2920,3120.8,19.14,,,,
13,8/1/2018 19:23,2920,3120.8,19.14,,,,
14,8/1/2018 19:53,2920,3120.8,19.14,,,,
15,8/1/2018 20:23,2920,3120.8,19.14,,,,
16,8/1/2018 20:53,2921.1,3120.8,19.14,,,,
17,8/1/2018 21:23,2920,3120.8,19.14,,,,
18,8/1/2018 21:53,2920,3119.6,19.14,,,,
19,8/1/2018 22:23,2919.5,3120.2,19.14,,,,
20,8/1/2018 22:53,2920,3119.6,19.14,,,,
21,8/1/2018 23:23,2918.4,3119.6,19.14,,,,
22,8/1/2018 23:53,2918.9,3119,19.14,,,,
23,8/2/2018 0:23,2918.9,3119,19.14,,,,
24,8/2/2018 0:53,2918.4,3119,19.14,,,,
25,8/2/2018 1:23,2918.4,3117.8,19.14,,,,
26,8/2/2018 1:53,2917.9,3117.8,19.15,,,,
27,8/2/2018 2:23,2916.8,3117.8,19.14,,,,
28,8/2/2018 2:53,2916.8,3117.2,19.14,,,,
29,8/2/2018 3:23,2916.8,3117.2,19.14,,,,
30,8/2/2018 3:53,2916.8,3117.2,19.14,,,,
31,8/2/2018 4:23,2916.8,3116.6,19.14,,,,
32,8/2/2018 4:53,2916.8,3117.2,19.15,,,,
33,8/2/2018 5:23,2916.8,3116.6,19.15,,,,
34,8/2/2018 5:53,2917.3,3116.6,19.15,,,,
35,8/2/2018 6:23,2916.8,3116.6,19.15,,,,
36,8/2/2018 6:53,2916.8,3116,19.15,,,,
37,8/2/2018 7:23,2915.8,3116.6,19.15,,,,
38,8/2/2018 7:53,2916.8,3116.6,19.15,,,,
39,8/2/2018 8:23,2916.8,3116.6,19.15,,,,
40,8/2/2018 8:53,2916.3,3116.6,19.16,,,,
41,8/2/2018 9:23,2917.9,3116.6,19.15,,,,
42,8/2/2018 9:53,2917.3,3116.6,19.16,,,,
43,8/2/2018 10:23,2916.8,3117.2,19.16,,,,
44,8/2/2018 10:53,2916.8,3116.6,19.16,,,,
45,8/2/2018 11:23,2917.9,3117.2,19.16,,,,
46,8/2/2018 11:53,2917.9,3117.2,19.16,,,,
47,8/2/2018 12:23,2917.9,3117.2,19.17,,,,
48,8/2/2018 12:53,2917.9,3117.8,19.17,,,,
49,8/2/2018 13:23,2917.9,3117.8,19.17,,,,
50,8/2/2018 13:53,2918.9,3118.4,19.17,,,,
51,8/2/2018 14:23,2918.9,3118.4,19.18,,,,
52,8/2/2018 14:53,2919.5,3119,19.17,,,,
53,8/2/2018 15:23,2920.5,3119,19.17,,,,
54,8/2/2018 15:53,2920.5,3120.2,19.18,,,,
55,8/2/2018 16:23,2920.5,3119.6,19.17,,,,
56,8/2/2018 16:53,2921.6,3120.2,19.18,,,,
57,8/2/2018 17:23,2923.2,3122,19.17,,,,
58,8/2/2018 17:53,2924.2,3123.8,19.18,,,,
59,8/2/2018 18:23,2925.3,3125.6,19.18,,,,
60,8/2/2018 18:53,2926.4,3126.2,19.18,,,,
61,8/2/2018 19:23,2927.4,3127.4,19.19,,,,
62,8/2/2018 19:53,2928.5,3128.6,19.19,,,,
63,8/2/2018 20:23,2928.5,3128.6,19.19,,,,
64,8/2/2018 20:53,2929,3128.6,19.19,,,,
65,8/2/2018 21:23,2930.1,3129.7,19.19,,,,
66,8/2/2018 21:53,2931.1,3130.3,19.19,,,,
67,8/2/2018 22:23,2929.6,3130.3,19.19,,,,
68,8/2/2018 22:53,2930.6,3130.9,19.21,,,,
69,8/2/2018 23:23,2931.1,3130.9,19.21,,,,
70,8/2/2018 23:53,2930.1,3130.9,19.21,,,,
71,8/3/2018 0:23,2930.6,3130.9,19.21,,,,
72,8/3/2018 0:53,2931.7,3131.5,19.21,,,,
73,8/3/2018 1:23,2931.7,3131.5,19.21,,,,
74,8/3/2018 1:53,2932.2,3132.1,19.21,,,,
75,8/3/2018 2:23,2931.1,3132.1,19.22,,,,
76,8/3/2018 2:53,2932.7,3132.7,19.22,,,,
77,8/3/2018 3:23,2933.3,3132.7,19.22,,,,
78,8/3/2018 3:53,2932.7,3133.3,19.22,,,,
79,8/3/2018 4:23,2933.8,3133.3,19.22,,,,
80,8/3/2018 4:53,2933.8,3133.9,19.22,,,,
81,8/3/2018 5:23,2934.9,3133.9,19.22,,,,
82,8/3/2018 5:53,2934.3,3134.5,19.23,,,,
83,8/3/2018 6:23,2934.9,3134.5,19.23,,,,
84,8/3/2018 6:53,2934.3,3134.5,19.23,,,,
85,8/3/2018 7:23,2934.3,3134.5,19.23,,,,
86,8/3/2018 7:53,2934.9,3135.1,19.23,,,,
87,8/3/2018 8:23,2935.4,3135.1,19.23,,,,
88,8/3/2018 8:53,2935.4,3135.7,19.24,,,,
89,8/3/2018 9:23,2935.9,3135.7,19.24,,,,
90,8/3/2018 9:53,2937,3136.3,19.24,,,,
91,8/3/2018 10:23,2937,3136.9,19.24,,,,
92,8/3/2018 10:53,2937.5,3136.9,19.24,,,,
93,8/3/2018 11:23,2938,3137.5,19.24,,,,
94,8/3/2018 11:53,2938,3138.1,19.25,,,,
95,8/3/2018 12:23,2938,3138.1,19.25,,,,
96,8/3/2018 12:53,2938,3138.1,19.25,,,,
97,8/3/2018 13:23,2938,3138.1,19.25,,,,
98,8/3/2018 13:53,2938,3138.1,19.25,,,,
99,8/3/2018 14:23,2938,3138.1,19.27,,,,
100,8/3/2018 14:53,2938,3138.1,19.27,,,,
101,8/3/2018 15:23,2938,3138.1,19.27,,,,
102,8/3/2018 15:53,2939.1,3138.7,19.27,,,,
103,8/3/2018 16:23,2939.1,3139.3,19.27,,,,
104,8/3/2018 16:53,2939.1,3139.9,19.27,,,,
105,8/3/2018 17:23,2939.1,3139.9,19.27,,,,
106,8/3/2018 17:53,2940.2,3139.3,19.27,,,,
107,8/3/2018 18:23,2939.1,3139.3,19.28,,,,
108,8/3/2018 18:53,2939.1,3139.9,19.27,,,,
109,8/3/2018 19:23,2940.2,3139.9,19.28,,,,
110,8/3/2018 19:53,2941.2,3140.4,19.27,,,,
111,8/3/2018 20:23,2940.2,3140.4,19.28,,,,
112,8/3/2018 20:53,2941.2,3141.6,19.28,,,,
113,8/3/2018 21:23,2942.3,3141.6,19.28,,,,
114,8/3/2018 21:53,2941.2,3141.6,19.28,,,,
115,8/3/2018 22:23,2942.3,3142.2,19.28,,,,
116,8/3/2018 22:53,2942.8,3142.2,19.28,,,,
117,8/3/2018 23:23,2942.3,3142.8,19.28,,,,
118,8/3/2018 23:53,2942.3,3142.2,19.28,,,,
119,8/4/2018 0:23,2943.9,3142.8,19.28,,,,
120,8/4/2018 0:53,2942.8,3142.8,19.28,,,,
121,8/4/2018 1:23,2943.9,3144,19.29,,,,
122,8/4/2018 1:53,2945,3144,19.29,,,,
123,8/4/2018 2:23,2945,3144.6,19.29,,,,
124,8/4/2018 2:53,2946,3144.6,19.29,,,,
125,8/4/2018 3:23,2946,3145.2,19.29,,,,
126,8/4/2018 3:53,2946,3145.2,19.29,,,,
127,8/4/2018 4:23,2946,3145.8,19.29,,,,
128,8/4/2018 4:53,2946,3145.2,19.29,,,,
129,8/4/2018 5:23,2946,3145.8,19.29,,,,
130,8/4/2018 5:53,2946,3145.8,19.29,,,,
131,8/4/2018 6:23,2946,3146.4,19.3,,,,
132,8/4/2018 6:53,2947.6,3147,19.3,,,,
133,8/4/2018 7:23,2947.6,3147,19.3,,,,
134,8/4/2018 7:53,2947.6,3147.6,19.3,,,,
135,8/4/2018 8:23,2947.1,3148.2,19.3,,,,
136,8/4/2018 8:53,2948.7,3148.2,19.3,,,,
137,8/4/2018 9:23,2948.7,3148.8,19.3,,,,
138,8/4/2018 9:53,2949.2,3149.4,19.3,,,,
139,8/4/2018 10:23,2950.3,3150,19.3,,,,
140,8/4/2018 10:53,2950.3,3150,19.31,,,,
141,8/4/2018 11:23,2951.3,3151.1,19.31,,,,
142,8/4/2018 11:53,2951.3,3151.1,19.31,,,,
143,8/4/2018 12:23,2952.4,3151.1,19.31,,,,
144,8/4/2018 12:53,2951.9,3151.1,19.31,,,,
145,8/4/2018 13:23,2951.3,3152.3,19.31,,,,
146,8/4/2018 13:53,2951.3,3152.3,19.31,,,,
147,8/4/2018 14:23,2951.9,3151.7,19.33,,,,
148,8/4/2018 14:53,2952.9,3152.3,19.31,,,,
149,8/4/2018 15:23,2952.4,3152.3,19.33,,,,
150,8/4/2018 15:53,2952.9,3152.9,19.33,,,,
151,8/4/2018 16:23,2954,3153.5,19.33,,,,
152,8/4/2018 16:53,2954,3154.1,19.33,,,,
153,8/4/2018 17:23,2954,3154.1,19.33,,,,
154,8/4/2018 17:53,2955.1,3154.1,19.33,,,,
155,8/4/2018 18:23,2954,3154.7,19.33,,,,
156,8/4/2018 18:53,2955.6,3154.7,19.33,,,,
157,8/4/2018 19:23,2955.1,3155.3,19.34,,,,
158,8/4/2018 19:53,2955.1,3155.9,19.34,,,,
159,8/4/2018 20:23,2957.7,3156.5,19.34,,,,
160,8/4/2018 20:53,2956.6,3157.1,19.34,,,,
161,8/4/2018 21:23,2956.6,3157.1,19.34,,,,
162,8/4/2018 21:53,2957.7,3157.1,19.34,,,,
163,8/4/2018 22:23,2957.7,3158.3,19.34,,,,
164,8/4/2018 22:53,2958.8,3158.9,19.34,,,,
165,8/4/2018 23:23,2957.7,3158.3,19.34,,,,
166,8/4/2018 23:53,2959.3,3158.9,19.35,,,,
167,8/5/2018 0:23,2958.8,3158.9,19.35,,,,
168,8/5/2018 0:53,2959.3,3159.5,19.34,,,,
169,8/5/2018 1:23,2960.4,3159.5,19.35,,,,
170,8/5/2018 1:53,2960.4,3160.6,19.35,,,,
171,8/5/2018 2:23,2960.9,3160.1,19.35,,,,
172,8/5/2018 2:53,2961.4,3161.2,19.35,,,,
173,8/5/2018 3:23,2960.9,3161.2,19.35,,,,
174,8/5/2018 3:53,2962,3161.2,19.35,,,,
175,8/5/2018 4:23,2963,3162.4,19.35,,,,
176,8/5/2018 4:53,2962,3162.4,19.36,,,,
177,8/5/2018 5:23,2962.5,3162.4,19.36,,,,
178,8/5/2018 5:53,2963,3163,19.36,,,,
179,8/5/2018 6:23,2963.6,3163,19.36,,,,
180,8/5/2018 6:53,2963.6,3163.6,19.36,,,,
181,8/5/2018 7:23,2963.6,3164.2,19.36,,,,
182,8/5/2018 7:53,2964.6,3164.2,19.36,,,,
183,8/5/2018 8:23,2964.6,3164.2,19.37,,,,
184,8/5/2018 8:53,2964.6,3164.8,19.36,,,,
185,8/5/2018 9:23,2965.7,3165.4,19.36,,,,
186,8/5/2018 9:53,2965.7,3166,19.37,,,,
187,8/5/2018 10:23,2967.3,3166.6,19.37,,,,
188,8/5/2018 10:53,2967.3,3166.6,19.37,,,,
189,8/5/2018 11:23,2966.2,3166.6,19.37,,,,
190,8/5/2018 11:53,2967.3,3167.2,19.37,,,,
191,8/5/2018 12:23,2967.3,3167.2,19.37,,,,
192,8/5/2018 12:53,2968.9,3167.8,19.38,,,,
193,8/5/2018 13:23,2968.9,3168.4,19.38,,,,
194,8/5/2018 13:53,2968.9,3169,19.38,,,,
195,8/5/2018 14:23,2969.9,3169,19.38,,,,
196,8/5/2018 14:53,2969.4,3169,19.38,,,,
197,8/5/2018 15:23,2969.9,3170.1,19.38,,,,
198,8/5/2018 15:53,2970.5,3170.1,19.38,,,,
199,8/5/2018 16:23,2971.5,3170.7,19.4,,,,
200,8/5/2018 16:53,2970.5,3170.7,19.38,,,,
201,8/5/2018 17:23,2970.5,3171.3,19.4,,,,
202,8/5/2018 17:53,2971.5,3170.7,19.4,,,,
203,8/5/2018 18:23,2971.5,3171.9,19.4,,,,
204,8/5/2018 18:53,2973.1,3172.5,19.4,,,,
205,8/5/2018 19:23,2973.1,3171.9,19.4,,,,
206,8/5/2018 19:53,2973.1,3173.1,19.4,,,,
207,8/5/2018 20:23,2973.1,3173.1,19.4,,,,
208,8/5/2018 20:53,2974.2,3174.3,19.4,,,,
209,8/5/2018 21:23,2974.2,3174.3,19.4,,,,
210,8/5/2018 21:53,2974.7,3174.3,19.41,,,,
211,8/5/2018 22:23,2974.2,3175.5,19.41,,,,
212,8/5/2018 22:53,2975.8,3176.1,19.41,,,,
213,8/5/2018 23:23,2975.3,3175.5,19.41,,,,
214,8/5/2018 23:53,2975.8,3175.5,19.41,,,,
215,8/6/2018 0:23,2975.8,3176.1,19.41,,,,
216,8/6/2018 0:53,2976.9,3176.1,19.41,,,,
217,8/6/2018 1:23,2977.4,3176.7,19.41,,,,
218,8/6/2018 1:53,2977.4,3177.3,19.41,,,,
219,8/6/2018 2:23,2978.5,3177.8,19.42,,,,
220,8/6/2018 2:53,2978.5,3178.4,19.42,,,,
221,8/6/2018 3:23,2978.5,3179,19.42,,,,
222,8/6/2018 3:53,2979.5,3179,19.42,,,,
223,8/6/2018 4:23,2980.1,3179,19.42,,,,
224,8/6/2018 4:53,2980.1,3179.6,19.42,,,,
225,8/6/2018 5:23,2981.1,3180.2,19.42,,,,
226,8/6/2018 5:53,2981.1,3180.2,19.42,,,,
227,8/6/2018 6:23,2981.1,3181.4,19.42,,,,
228,8/6/2018 6:53,2981.1,3181.4,19.43,,,,
229,8/6/2018 7:23,2982.7,3182,19.43,,,,
230,8/6/2018 7:53,2982.7,3182,19.43,,,,
231,8/6/2018 8:23,2982.7,3183.2,19.43,,,,
232,8/6/2018 8:53,2983.8,3183.2,19.43,,,,
233,8/6/2018 9:23,2983.8,3183.8,19.43,,,,
234,8/6/2018 9:53,2984.3,3183.2,19.44,,,,
235,8/6/2018 10:23,2984.9,3184.4,19.44,,,,
236,8/6/2018 10:53,2985.4,3185,19.44,,,,
237,8/6/2018 11:23,2985.4,3185,19.44,,,,
238,8/6/2018 11:53,2987,3185.6,19.44,,,,
239,8/6/2018 12:23,2987,3186.1,19.44,,,,
240,8/6/2018 12:53,2987,3186.1,19.46,,,,
241,8/6/2018 13:23,2987,3187.3,19.46,,,,
242,8/6/2018 13:53,2987.5,3187.3,19.46,,,,
243,8/6/2018 14:23,2988.6,3187.9,19.46,,,,
244,8/6/2018 14:53,2988.6,3188.5,19.47,,,,
245,8/6/2018 15:23,2989.7,3188.5,19.47,,,,
246,8/6/2018 15:53,2989.7,3189.1,19.46,,,,
247,8/6/2018 16:23,2989.7,3189.1,19.47,,,,
248,8/6/2018 16:53,2989.7,3190.3,19.47,,,,
249,8/6/2018 17:21,,,,,Logged,,
250,8/6/2018 17:21,,,,,,Logged,Logged
