Plot Title: LSLE								
#	"Date Time, GMT-04:00"	"Low Range, ?S/cm (LGR S/N: 20370964, SEN S/N: 20370964)"	"High Range, ?S/cm (LGR S/N: 20370964, SEN S/N: 20370964)"	"Temp, °C (LGR S/N: 20370964, SEN S/N: 20370964)"	Coupler Detached (LGR S/N: 20370964)	Coupler Attached (LGR S/N: 20370964)	Stopped (LGR S/N: 20370964)	End Of File (LGR S/N: 20370964)
1	7/9/2018 12:25	0	0	22.29				
2	7/9/2018 12:25				Logged			
3	7/9/2018 12:55	2151.2	2159.4	20.39				
4	7/9/2018 13:25	2112.3	2118	20.28				
5	7/9/2018 13:55	2103.1	2108.1	20.24				
6	7/9/2018 14:25	2097.7	2102.3	20.22				
7	7/9/2018 14:55	2092.9	2097.6	20.2				
8	7/9/2018 15:25	2089.1	2094.7	20.18				
9	7/9/2018 15:55	2086.4	2090.7	20.16				
10	7/9/2018 16:25	2084.2	2088.9	20.16				
11	7/9/2018 16:55	2082.1	2086.6	20.13				
12	7/9/2018 17:25	2080.5	2084.8	20.13				
13	7/9/2018 17:55	2078.9	2083.1	20.12				
14	7/9/2018 18:25	2078.3	2081.9	20.12				
15	7/9/2018 18:55	2076.2	2079.6	20.1				
16	7/9/2018 19:25	2074.6	2078.4	20.09				
17	7/9/2018 19:55	2073.5	2076.7	20.08				
18	7/9/2018 20:25	2072.4	2075.5	20.06				
19	7/9/2018 20:55	2070.8	2073.8	20.05				
20	7/9/2018 21:25	2069.2	2073.2	20.05				
21	7/9/2018 21:55	2069.2	2072	20.04				
22	7/9/2018 22:25	2067.6	2070.9	20.04				
23	7/9/2018 22:55	2067	2070.3	20.03				
24	7/9/2018 23:25	2065.9	2069.1	20.02				
25	7/9/2018 23:55	2064.9	2069.1	20.01				
26	7/10/2018 0:25	2064.9	2068	20.02				
27	7/10/2018 0:55	2064.9	2067.4	20.01				
28	7/10/2018 1:25	2064.3	2067.4	20				
29	7/10/2018 1:55	2064.9	2068	19.98				
30	7/10/2018 2:25	2065.9	2069.1	19.98				
31	7/10/2018 2:55	2065.9	2069.7	19.98				
32	7/10/2018 3:25	2067.6	2070.3	19.97				
33	7/10/2018 3:55	2066.5	2069.7	19.97				
34	7/10/2018 4:25	2066.5	2069.1	19.96				
35	7/10/2018 4:55	2064.3	2068	19.96				
36	7/10/2018 5:25	2064.3	2066.8	19.97				
37	7/10/2018 5:55	2062.7	2066.2	19.95				
38	7/10/2018 6:25	2062.2	2065.1	19.95				
39	7/10/2018 6:55	2060.6	2063.9	19.94				
40	7/10/2018 7:25	2060.6	2063.3	19.94				
41	7/10/2018 7:55	2060	2063.3	19.94				
42	7/10/2018 8:25	2059	2061.6	19.94				
43	7/10/2018 8:55	2057.9	2061	19.93				
44	7/10/2018 9:25	2057.9	2061	19.94				
45	7/10/2018 9:55	2057.9	2059.8	19.93				
46	7/10/2018 10:25	2057.3	2059.3	19.91				
47	7/10/2018 10:55	2056.3	2058.7	19.91				
48	7/10/2018 11:25	2055.2	2057.5	19.91				
49	7/10/2018 11:55	2054.1	2056.4	19.91				
50	7/10/2018 12:25	2053	2055.2	19.9				
51	7/10/2018 12:55	2050.9	2053.5	19.9				
52	7/10/2018 13:25	2050.9	2052.3	19.89				
53	7/10/2018 13:55	2049.8	2052.3	19.89				
54	7/10/2018 14:25	2048.7	2051.7	19.89				
55	7/10/2018 14:55	2048.7	2050.6	19.88				
56	7/10/2018 15:25	2047.7	2050	19.87				
57	7/10/2018 15:55	2047.1	2049.4	19.87				
58	7/10/2018 16:25	2046.6	2048.8	19.87				
59	7/10/2018 16:55	2047.1	2049.4	19.86				
60	7/10/2018 17:25	2047.7	2049.4	19.85				
61	7/10/2018 17:55	2048.2	2050	19.86				
62	7/10/2018 18:25	2048.2	2050.6	19.85				
63	7/10/2018 18:55	2048.7	2050.6	19.85				
64	7/10/2018 19:25	2049.3	2051.1	19.85				
65	7/10/2018 19:55	2049.3	2052.3	19.85				
66	7/10/2018 20:25	2048.7	2052.3	19.85				
67	7/10/2018 20:55	2049.8	2052.3	19.83				
68	7/10/2018 21:25	2049.8	2052.3	19.83				
69	7/10/2018 21:55	2050.4	2052.3	19.83				
70	7/10/2018 22:25	2049.8	2052.3	19.83				
71	7/10/2018 22:55	2049.8	2051.7	19.83				
72	7/10/2018 23:25	2049.8	2051.7	19.83				
73	7/10/2018 23:55	2049.3	2051.7	19.83				
74	7/11/2018 0:25	2049.3	2051.7	19.83				
75	7/11/2018 0:55	2048.7	2051.7	19.83				
76	7/11/2018 1:25	2050.4	2051.7	19.83				
77	7/11/2018 1:55	2050.4	2052.9	19.83				
78	7/11/2018 2:25	2050.4	2053.5	19.85				
79	7/11/2018 2:55	2051.4	2054	19.85				
80	7/11/2018 3:25	2054.1	2056.9	19.85				
81	7/11/2018 3:55	2057.3	2059.8	19.85				
82	7/11/2018 4:25	2060	2062.8	19.86				
83	7/11/2018 4:55	2061.6	2064.5	19.85				
84	7/11/2018 5:25	2063.3	2065.7	19.86				
85	7/11/2018 5:55	2064.9	2067.4	19.87				
86	7/11/2018 6:25	2065.4	2069.1	19.87				
87	7/11/2018 6:55	2068.1	2070.9	19.88				
88	7/11/2018 7:25	2069.2	2072	19.88				
89	7/11/2018 7:55	2070.8	2073.2	19.89				
90	7/11/2018 8:25	2071.3	2074.4	19.89				
91	7/11/2018 8:55	2072.9	2075.5	19.89				
92	7/11/2018 9:25	2074	2077.3	19.9				
93	7/11/2018 9:55	2074.6	2077.3	19.9				
94	7/11/2018 10:25	2074.6	2078.4	19.91				
95	7/11/2018 10:55	2074.6	2077.9	19.91				
96	7/11/2018 11:25	2075.1	2078.4	19.91				
97	7/11/2018 11:55	2074.6	2078.4	19.91				
98	7/11/2018 12:25	2074.6	2077.3	19.93				
99	7/11/2018 12:55	2073.5	2076.1	19.93				
100	7/11/2018 13:25	2072.9	2075.5	19.93				
101	7/11/2018 13:55	2072.4	2075	19.94				
102	7/11/2018 14:25	2072.4	2075	19.94				
103	7/11/2018 14:55	2071.9	2074.4	19.94				
104	7/11/2018 15:25	2071.9	2075	19.95				
105	7/11/2018 15:55	2071.9	2074.4	19.95				
106	7/11/2018 16:25	2071.9	2074.4	19.96				
107	7/11/2018 16:55	2071.9	2075	19.96				
108	7/11/2018 17:25	2071.9	2074.4	19.97				
109	7/11/2018 17:55	2071.9	2075	19.97				
110	7/11/2018 18:25	2072.4	2074.4	19.97				
111	7/11/2018 18:55	2072.9	2075.5	19.98				
112	7/11/2018 19:25	2073.5	2076.1	19.98				
113	7/11/2018 19:55	2074	2076.7	20				
114	7/11/2018 20:25	2074	2078.4	20				
115	7/11/2018 20:55	2075.1	2078.4	20.01				
116	7/11/2018 21:25	2076.2	2079.6	20.01				
117	7/11/2018 21:55	2076.7	2080.2	20.01				
118	7/11/2018 22:25	2078.3	2082.5	20.01				
119	7/11/2018 22:55	2079.4	2083.1	20.02				
120	7/11/2018 23:25	2079.9	2083.1	20.02				
121	7/11/2018 23:55	2079.9	2083.7	20.03				
122	7/12/2018 0:25	2080.5	2084.3	20.03				
123	7/12/2018 0:55	2081.6	2084.3	20.04				
124	7/12/2018 1:25	2082.1	2086	20.04				
125	7/12/2018 1:55	2083.2	2087.7	20.05				
126	7/12/2018 2:25	2084.2	2088.3	20.05				
127	7/12/2018 2:55	2084.2	2088.9	20.05				
128	7/12/2018 3:25	2086.4	2089.5	20.06				
129	7/12/2018 3:55	2086.9	2091.2	20.06				
130	7/12/2018 4:25	2086.9	2091.8	20.08				
131	7/12/2018 4:55	2092.3	2097.1	20.08				
132	7/12/2018 5:25	2094.5	2099.4	20.09				
133	7/12/2018 5:55	2096.6	2101.1	20.1				
134	7/12/2018 6:25	2098.3	2103.5	20.1				
135	7/12/2018 6:55	2099.3	2104.6	20.11				
136	7/12/2018 7:25	2100.4	2105.2	20.11				
137	7/12/2018 7:55	2101.5	2106.4	20.11				
138	7/12/2018 8:25	2102	2106.9	20.12				
139	7/12/2018 8:55	2102	2107.5	20.12				
140	7/12/2018 9:25	2101.5	2106.4	20.12				
141	7/12/2018 9:55	2101	2105.8	20.13				
142	7/12/2018 10:25	2101	2105.8	20.13				
143	7/12/2018 10:55	2101	2105.2	20.13				
144	7/12/2018 11:25	2099.9	2103.5	20.13				
145	7/12/2018 11:55	2098.8	2102.9	20.13				
146	7/12/2018 12:25	2096.6	2101.7	20.15				
147	7/12/2018 12:55	2095.6	2100	20.15				
148	7/12/2018 13:25	2093.9	2098.2	20.15				
149	7/12/2018 13:55	2091.8	2097.1	20.15				
150	7/12/2018 14:25	2091.2	2095.9	20.15				
151	7/12/2018 14:55	2090.2	2094.1	20.16				
152	7/12/2018 15:25	2088.6	2093	20.16				
153	7/12/2018 15:55	2088	2092.4	20.15				
154	7/12/2018 16:25	2088.6	2093	20.16				
155	7/12/2018 16:55	2088.6	2092.4	20.16				
156	7/12/2018 17:25	2088.6	2092.4	20.16				
157	7/12/2018 17:55	2088	2092.4	20.16				
158	7/12/2018 18:25	2087.5	2091.8	20.17				
159	7/12/2018 18:55	2086.4	2090.7	20.17				
160	7/12/2018 19:25	2085.9	2089.5	20.17				
161	7/12/2018 19:55	2084.2	2088.3	20.17				
162	7/12/2018 20:25	2083.7	2087.2	20.18				
163	7/12/2018 20:55	2082.6	2086	20.18				
164	7/12/2018 21:25	2081	2085.4	20.18				
165	7/12/2018 21:55	2079.4	2083.7	20.19				
166	7/12/2018 22:25	2078.3	2081.9	20.19				
167	7/12/2018 22:55	2077.8	2081.3	20.2				
168	7/12/2018 23:25	2077.2	2080.8	20.2				
169	7/12/2018 23:55	2076.7	2080.2	20.22				
170	7/13/2018 0:25	2075.6	2079.6	20.22				
171	7/13/2018 0:55	2075.6	2079	20.23				
172	7/13/2018 1:25	2075.6	2079	20.23				
173	7/13/2018 1:55	2075.1	2079	20.23				
174	7/13/2018 2:25	2074.6	2078.4	20.24				
175	7/13/2018 2:55	2076.2	2079.6	20.24				
176	7/13/2018 3:25	2078.3	2083.1	20.25				
177	7/13/2018 3:55	2081.6	2086	20.25				
178	7/13/2018 4:25	2086.9	2091.2	20.25				
179	7/13/2018 4:55	2090.7	2095.3	20.26				
180	7/13/2018 5:25	2095.6	2100	20.26				
181	7/13/2018 5:55	2099.3	2104	20.26				
182	7/13/2018 6:25	2102.6	2107.5	20.26				
183	7/13/2018 6:55	2104.7	2109.9	20.26				
184	7/13/2018 7:25	2106.9	2112.2	20.27				
185	7/13/2018 7:55	2108	2113.4	20.27				
186	7/13/2018 8:25	2109	2113.4	20.28				
187	7/13/2018 8:55	2108	2113.4	20.28				
188	7/13/2018 9:25	2106.9	2111.6	20.28				
189	7/13/2018 9:55	2106.9	2111.6	20.3				
190	7/13/2018 10:25	2105.8	2111	20.3				
191	7/13/2018 10:55	2104.7	2109.9	20.3				
192	7/13/2018 11:25	2104.2	2109.3	20.3				
193	7/13/2018 11:55	2103.1	2107.5	20.31				
194	7/13/2018 12:25	2102.6	2107.5	20.31				
195	7/13/2018 12:55	2101.5	2106.4	20.31				
196	7/13/2018 13:25	2099.9	2105.2	20.32				
197	7/13/2018 13:55	2099.9	2104	20.32				
198	7/13/2018 14:25	2098.8	2103.5	20.32				
199	7/13/2018 14:55	2097.2	2102.9	20.32				
200	7/13/2018 15:25	2096.1	2101.1	20.32				
201	7/13/2018 15:55	2095	2099.4	20.33				
202	7/13/2018 16:25	2093.9	2098.8	20.33				
203	7/13/2018 16:55	2092.9	2097.6	20.33				
204	7/13/2018 17:25	2091.8	2097.1	20.33				
205	7/13/2018 17:55	2091.8	2096.5	20.33				
206	7/13/2018 18:25	2089.6	2094.7	20.33				
207	7/13/2018 18:55	2089.6	2094.1	20.34				
208	7/13/2018 19:25	2088.6	2093	20.34				
209	7/13/2018 19:55	2087.5	2091.8	20.35				
210	7/13/2018 20:25	2086.4	2091.2	20.35				
211	7/13/2018 20:55	2085.3	2089.5	20.35				
212	7/13/2018 21:25	2084.2	2088.9	20.35				
213	7/13/2018 21:55	2083.7	2087.7	20.37				
214	7/13/2018 22:25	2083.2	2087.2	20.37				
215	7/13/2018 22:55	2082.1	2086.6	20.35				
216	7/13/2018 23:25	2081	2085.4	20.37				
217	7/13/2018 23:55	2080.5	2084.8	20.38				
218	7/14/2018 0:25	2080.5	2084.8	20.38				
219	7/14/2018 0:55	2079.9	2083.7	20.38				
220	7/14/2018 1:25	2078.9	2083.1	20.39				
221	7/14/2018 1:55	2078.3	2083.1	20.38				
222	7/14/2018 2:25	2078.3	2082.5	20.38				
223	7/14/2018 2:55	2077.8	2081.9	20.39				
224	7/14/2018 3:25	2077.8	2081.3	20.39				
225	7/14/2018 3:55	2077.8	2082.5	20.39				
226	7/14/2018 4:25	2078.9	2083.1	20.39				
227	7/14/2018 4:55	2085.3	2090.1	20.39				
228	7/14/2018 5:25	2091.8	2096.5	20.39				
229	7/14/2018 5:55	2096.1	2100.5	20.39				
230	7/14/2018 6:25	2101	2104.6	20.39				
231	7/14/2018 6:55	2102.6	2108.7	20.38				
232	7/14/2018 7:25	2105.3	2111	20.39				
233	7/14/2018 7:55	2107.4	2112.8	20.39				
234	7/14/2018 8:25	2108.5	2113.9	20.38				
235	7/14/2018 8:55	2108.5	2114.5	20.39				
236	7/14/2018 9:25	2108.5	2113.9	20.39				
237	7/14/2018 9:55	2109	2114.5	20.39				
238	7/14/2018 10:25	2108.5	2113.9	20.39				
239	7/14/2018 10:55	2108.5	2113.9	20.39				
240	7/14/2018 11:25	2107.4	2112.8	20.39				
241	7/14/2018 11:55	2106.9	2112.2	20.39				
242	7/14/2018 12:25	2105.3	2110.4	20.39				
243	7/14/2018 12:55	2103.6	2108.7	20.39				
244	7/14/2018 13:25	2103.1	2108.7	20.39				
245	7/14/2018 13:55	2102.6	2107.5	20.39				
246	7/14/2018 14:25	2101.5	2105.8	20.38				
247	7/14/2018 14:55	2100.4	2105.8	20.38				
248	7/14/2018 15:25	2099.9	2104.6	20.37				
249	7/14/2018 15:55	2098.3	2104	20.37				
250	7/14/2018 16:25	2097.7	2102.9	20.35				
251	7/14/2018 16:55	2096.6	2102.9	20.35				
252	7/14/2018 17:25	2097.2	2102.3	20.35				
253	7/14/2018 17:55	2096.6	2102.3	20.34				
254	7/14/2018 18:25	2097.2	2102.9	20.35				
255	7/14/2018 18:55	2097.2	2102.9	20.34				
256	7/14/2018 19:25	2097.7	2102.9	20.34				
257	7/14/2018 19:55	2097.2	2102.9	20.33				
258	7/14/2018 20:25	2097.7	2102.9	20.33				
259	7/14/2018 20:55	2097.2	2101.7	20.33				
260	7/14/2018 21:25	2097.2	2102.3	20.33				
261	7/14/2018 21:55	2096.6	2101.7	20.33				
262	7/14/2018 22:25	2096.1	2101.1	20.32				
263	7/14/2018 22:55	2096.1	2101.1	20.32				
264	7/14/2018 23:25	2096.1	2100.5	20.32				
265	7/14/2018 23:55	2095.6	2100.5	20.32				
266	7/15/2018 0:25	2095	2100.5	20.32				
267	7/15/2018 0:55	2095	2100.5	20.32				
268	7/15/2018 1:25	2096.1	2100	20.32				
269	7/15/2018 1:55	2095.6	2100.5	20.32				
270	7/15/2018 2:25	2095	2100.5	20.32				
271	7/15/2018 2:55	2095.6	2100.5	20.32				
272	7/15/2018 3:25	2095	2100.5	20.32				
273	7/15/2018 3:55	2095.6	2100.5	20.32				
274	7/15/2018 4:25	2095.6	2100.5	20.32				
275	7/15/2018 4:55	2095	2100.5	20.32				
276	7/15/2018 5:25	2095.6	2101.7	20.32				
277	7/15/2018 5:55	2102	2108.1	20.32				
278	7/15/2018 6:25	2110.1	2115.7	20.32				
279	7/15/2018 6:55	2118.8	2124.4	20.32				
280	7/15/2018 7:25	2132.3	2138.4	20.32				
281	7/15/2018 7:55	2145.2	2151.8	20.31				
282	7/15/2018 8:25	2157.7	2166.4	20.31				
283	7/15/2018 8:55	2172.3	2180.4	20.32				
284	7/15/2018 9:25	2202.7	2210.8	20.32				
285	7/15/2018 9:55	2248.9	2259.4	20.32				
286	7/15/2018 10:25	2258.1	2270	20.32				
287	7/15/2018 10:55	2257.6	2268.2	20.32				
288	7/15/2018 11:25	2255.4	2266.5	20.32				
289	7/15/2018 11:55	2254.3	2265.9	20.33				
290	7/15/2018 12:25	2254.3	2265.3	20.32				
291	7/15/2018 12:55	2253.8	2264.7	20.33				
292	7/15/2018 13:25	2252.1	2264.1	20.33				
293	7/15/2018 13:55	2251	2262.4	20.33				
294	7/15/2018 14:25	2248.9	2260	20.33				
295	7/15/2018 14:55	2246.7	2256.5	20.32				
296	7/15/2018 15:25	2242.9	2253.6	20.32				
297	7/15/2018 15:55	2240.7	2251.2	20.32				
298	7/15/2018 16:25	2238.5	2249.5	20.32				
299	7/15/2018 16:55	2237.4	2247.7	20.32				
300	7/15/2018 17:25	2235.8	2246	20.32				
301	7/15/2018 17:55	2234.7	2244.8	20.32				
302	7/15/2018 18:25	2233.6	2243	20.32				
303	7/15/2018 18:55	2232.5	2242.4	20.32				
304	7/15/2018 19:25	2231.4	2241.3	20.32				
305	7/15/2018 19:55	2230.4	2240.1	20.32				
306	7/15/2018 20:25	2229.3	2238.9	20.32				
307	7/15/2018 20:55	2229.3	2238.3	20.32				
308	7/15/2018 21:25	2228.7	2237.8	20.32				
309	7/15/2018 21:55	2227.1	2237.8	20.32				
310	7/15/2018 22:25	2227.1	2236.6	20.32				
311	7/15/2018 22:55	2227.1	2236.6	20.33				
312	7/15/2018 23:25	2227.1	2236.6	20.32				
313	7/15/2018 23:55	2226	2236	20.32				
314	7/16/2018 0:25	2226	2235.4	20.32				
315	7/16/2018 0:55	2224.9	2234.8	20.33				
316	7/16/2018 1:25	2224.9	2234.2	20.32				
317	7/16/2018 1:55	2224.9	2233.7	20.33				
318	7/16/2018 2:25	2224.9	2233.7	20.33				
319	7/16/2018 2:55	2223.8	2233.7	20.33				
320	7/16/2018 3:25	2223.8	2233.1	20.33				
321	7/16/2018 3:55	2223.8	2233.1	20.33				
322	7/16/2018 4:25	2223.8	2232.5	20.33				
323	7/16/2018 4:55	2222.7	2232.5	20.34				
324	7/16/2018 5:25	2223.8	2232.5	20.34				
325	7/16/2018 5:55	2222.7	2232.5	20.34				
326	7/16/2018 6:25	2224.4	2233.7	20.34				
327	7/16/2018 6:55	2238	2248.9	20.33				
328	7/16/2018 7:25	2250.5	2260.6	20.34				
329	7/16/2018 7:55	2265.7	2277.6	20.34				
330	7/16/2018 8:25	2289.7	2302.9	20.34				
331	7/16/2018 8:55	2323.6	2338.1	20.35				
332	7/16/2018 9:25	2351	2366.4	20.35				
333	7/16/2018 9:55	2371.8	2387	20.37				
334	7/16/2018 10:25	2392.1	2408.2	20.37				
335	7/16/2018 10:55	2393.2	2409.4	20.37				
336	7/16/2018 11:25	2394.9	2411.2	20.37				
337	7/16/2018 11:55	2391	2406.4	20.38				
338	7/16/2018 12:25	2385	2400.6	20.38				
339	7/16/2018 12:55	2378.4	2394.1	20.38				
340	7/16/2018 13:11					Logged		
341	7/16/2018 13:11						Logged	Logged
1	7/16/2018 13:25	2356.5	2370.5	20.88	Logged			
2	7/16/2018 13:55	2314.9	2327	20.57				
3	7/16/2018 14:25	2292.5	2305.2	20.48				
4	7/16/2018 14:55	2287.6	2300.5	20.44				
5	7/16/2018 15:25	2287.6	2299.9	20.42				
6	7/16/2018 15:55	2285.4	2297.6	20.4				
7	7/16/2018 16:25	2283.7	2295.2	20.4				
8	7/16/2018 16:55	2281	2293.5	20.4				
9	7/16/2018 17:25	2279.9	2292.3	20.39				
10	7/16/2018 17:55	2278.8	2290.5	20.39				
11	7/16/2018 18:25	2277.2	2289.9	20.39				
12	7/16/2018 18:55	2277.2	2288.8	20.4				
13	7/16/2018 19:25	2276.6	2288.8	20.4				
14	7/16/2018 19:55	2275.6	2288.2	20.4				
15	7/16/2018 20:25	2276.1	2288.2	20.4				
16	7/16/2018 20:55	2275.6	2288.2	20.41				
17	7/16/2018 21:25	2278.8	2289.9	20.42				
18	7/16/2018 21:55	2282.1	2294.1	20.44				
19	7/16/2018 22:25	2285.4	2298.2	20.45				
20	7/16/2018 22:55	2289.7	2302.3	20.46				
21	7/16/2018 23:25	2295.2	2307	20.47				
22	7/16/2018 23:55	2299	2311.1	20.47				
23	7/17/2018 0:25	2300.7	2314.6	20.48				
24	7/17/2018 0:55	2303.4	2317	20.49				
25	7/17/2018 1:25	2307.2	2319.9	20.5				
26	7/17/2018 1:55	2308.9	2321.7	20.5				
27	7/17/2018 2:25	2309.9	2323.4	20.52				
28	7/17/2018 2:55	2311.6	2325.2	20.52				
29	7/17/2018 3:25	2311.6	2325.2	20.53				
30	7/17/2018 3:55	2312.7	2325.8	20.54				
31	7/17/2018 4:25	2313.8	2327	20.54				
32	7/17/2018 4:55	2312.7	2327	20.55				
33	7/17/2018 5:25	2314.3	2326.4	20.56				
34	7/17/2018 5:55	2314.3	2327	20.56				
35	7/17/2018 6:25	2314.3	2328.1	20.57				
36	7/17/2018 6:55	2314.9	2328.1	20.57				
37	7/17/2018 7:25	2315.4	2328.1	20.57				
38	7/17/2018 7:55	2318.7	2331.7	20.56				
39	7/17/2018 8:25	2350.4	2364.6	20.57				
40	7/17/2018 8:55	2416.9	2434.2	20.61				
41	7/17/2018 9:25	2446.6	2464.3	20.62				
42	7/17/2018 9:55	2473.1	2492.1	20.63				
43	7/17/2018 10:25	2487.5	2506.9	20.64				
44	7/17/2018 10:55	2486.9	2506.3	20.64				
45	7/17/2018 11:25	2484.2	2503.9	20.66				
46	7/17/2018 11:55	2484.7	2503.9	20.67				
47	7/17/2018 12:25	2486.4	2505.7	20.69				
48	7/17/2018 12:55	2488.1	2507.5	20.7				
49	7/17/2018 13:25	2490.3	2509.2	20.7				
50	7/17/2018 13:55	2489.2	2508.6	20.71				
51	7/17/2018 14:25	2489.2	2509.2	20.72				
52	7/17/2018 14:55	2489.2	2508.6	20.72				
53	7/17/2018 15:25	2488.1	2507.5	20.74				
54	7/17/2018 15:55	2488.1	2507.5	20.74				
55	7/17/2018 16:25	2486.9	2506.9	20.74				
56	7/17/2018 16:55	2486.9	2507.5	20.75				
57	7/17/2018 17:25	2489.2	2508.6	20.78				
58	7/17/2018 17:55	2491.9	2512.2	20.82				
59	7/17/2018 18:25	2494.1	2514	20.84				
60	7/17/2018 18:55	2495.8	2515.2	20.86				
61	7/17/2018 19:25	2495.8	2515.2	20.88				
62	7/17/2018 19:55	2496.9	2515.2	20.88				
63	7/17/2018 20:25	2495.2	2516.3	20.88				
64	7/17/2018 20:55	2495.8	2515.8	20.89				
65	7/17/2018 21:25	2495.8	2515.8	20.89				
66	7/17/2018 21:55	2495.8	2516.9	20.89				
67	7/17/2018 22:25	2496.9	2516.9	20.9				
68	7/17/2018 22:55	2498	2517.5	20.9				
69	7/17/2018 23:25	2498	2518.1	20.91				
70	7/17/2018 23:55	2498	2519.3	20.91				
71	7/18/2018 0:25	2498	2518.7	20.91				
72	7/18/2018 0:55	2498	2518.7	20.91				
73	7/18/2018 1:25	2498	2518.7	20.92				
74	7/18/2018 1:55	2498	2518.1	20.92				
75	7/18/2018 2:25	2499.1	2518.1	20.92				
76	7/18/2018 2:55	2498	2518.7	20.93				
77	7/18/2018 3:25	2499.1	2518.7	20.93				
78	7/18/2018 3:55	2498.6	2518.1	20.93				
79	7/18/2018 4:25	2498	2518.1	20.93				
80	7/18/2018 4:55	2498	2518.1	20.93				
81	7/18/2018 5:25	2498	2518.1	20.93				
82	7/18/2018 5:55	2498	2518.1	20.94				
83	7/18/2018 6:25	2496.9	2518.1	20.93				
84	7/18/2018 6:55	2497.5	2517.5	20.93				
85	7/18/2018 7:25	2496.9	2517.5	20.94				
86	7/18/2018 7:55	2496.9	2517.5	20.94				
87	7/18/2018 8:25	2496.9	2516.9	20.93				
88	7/18/2018 8:55	2495.8	2516.3	20.94				
89	7/18/2018 9:25	2495.8	2516.3	20.94				
90	7/18/2018 9:55	2495.8	2515.8	20.94				
91	7/18/2018 10:25	2495.8	2515.8	20.94				
92	7/18/2018 10:55	2494.7	2515.2	20.94				
93	7/18/2018 11:25	2494.7	2515.2	20.94				
94	7/18/2018 11:55	2494.7	2514.6	20.93				
95	7/18/2018 12:25	2494.1	2514	20.93				
96	7/18/2018 12:55	2493.6	2514	20.94				
97	7/18/2018 13:25	2493.6	2512.2	20.93				
98	7/18/2018 13:55	2493	2512.2	20.93				
99	7/18/2018 14:25	2492.5	2512.2	20.93				
100	7/18/2018 14:55	2492.5	2512.2	20.93				
101	7/18/2018 15:25	2492.5	2511.6	20.94				
102	7/18/2018 15:55	2491.4	2511	20.93				
103	7/18/2018 16:25	2491.4	2510.4	20.93				
104	7/18/2018 16:55	2490.3	2510.4	20.92				
105	7/18/2018 17:25	2490.3	2509.8	20.92				
106	7/18/2018 17:55	2489.7	2509.8	20.92				
107	7/18/2018 18:25	2489.7	2509.8	20.92				
108	7/18/2018 18:55	2489.7	2509.2	20.92				
109	7/18/2018 19:25	2488.6	2509.2	20.91				
110	7/18/2018 19:55	2488.6	2509.2	20.91				
111	7/18/2018 20:25	2488.6	2508.6	20.91				
112	7/18/2018 20:55	2488.6	2508.6	20.91				
113	7/18/2018 21:25	2488.6	2507.5	20.91				
114	7/18/2018 21:55	2488.1	2507.5	20.91				
115	7/18/2018 22:25	2488.1	2506.9	20.91				
116	7/18/2018 22:55	2488.1	2506.9	20.91				
117	7/18/2018 23:25	2486.4	2506.9	20.9				
118	7/18/2018 23:55	2486.4	2506.3	20.91				
119	7/19/2018 0:25	2486.9	2506.3	20.9				
120	7/19/2018 0:55	2486.4	2506.3	20.9				
121	7/19/2018 1:25	2486.4	2506.3	20.9				
122	7/19/2018 1:55	2486.4	2506.3	20.9				
123	7/19/2018 2:25	2486.4	2506.9	20.9				
124	7/19/2018 2:55	2486.9	2506.3	20.89				
125	7/19/2018 3:25	2486.9	2506.9	20.89				
126	7/19/2018 3:55	2486.9	2506.3	20.9				
127	7/19/2018 4:25	2485.3	2506.3	20.89				
128	7/19/2018 4:55	2486.4	2505.7	20.89				
129	7/19/2018 5:25	2485.8	2506.9	20.89				
130	7/19/2018 5:55	2485.3	2506.3	20.89				
131	7/19/2018 6:25	2486.9	2506.3	20.88				
132	7/19/2018 6:55	2486.9	2506.3	20.88				
133	7/19/2018 7:25	2485.8	2505.1	20.88				
134	7/19/2018 7:55	2485.8	2505.1	20.88				
135	7/19/2018 8:25	2485.8	2505.1	20.86				
136	7/19/2018 8:55	2485.8	2505.1	20.86				
137	7/19/2018 9:25	2485.3	2505.7	20.86				
138	7/19/2018 9:55	2485.3	2504.5	20.85				
139	7/19/2018 10:25	2484.7	2504.5	20.85				
140	7/19/2018 10:55	2484.2	2503.9	20.85				
141	7/19/2018 11:25	2484.2	2503.9	20.84				
142	7/19/2018 11:55	2482.5	2502.7	20.84				
143	7/19/2018 12:25	2483.6	2502.1	20.84				
144	7/19/2018 12:55	2482	2501.5	20.83				
145	7/19/2018 13:25	2480.9	2501.5	20.82				
146	7/19/2018 13:55	2480.3	2500.4	20.82				
147	7/19/2018 14:25	2479.8	2499.8	20.81				
148	7/19/2018 14:55	2479.8	2499.2	20.81				
149	7/19/2018 15:25	2477.6	2497.4	20.79				
150	7/19/2018 15:55	2477.6	2496.8	20.79				
151	7/19/2018 16:25	2476.4	2495.6	20.78				
152	7/19/2018 16:55	2476.4	2494.4	20.77				
153	7/19/2018 17:25	2475.3	2494.4	20.77				
154	7/19/2018 17:55	2473.7	2493.3	20.76				
155	7/19/2018 18:25	2473.1	2492.7	20.76				
156	7/19/2018 18:55	2472	2492.1	20.75				
157	7/19/2018 19:25	2472	2491.5	20.74				
158	7/19/2018 19:55	2472.6	2490.9	20.74				
159	7/19/2018 20:25	2472	2490.9	20.74				
160	7/19/2018 20:55	2470.4	2490.3	20.72				
161	7/19/2018 21:25	2470.4	2489.7	20.72				
162	7/19/2018 21:55	2470.4	2489.7	20.71				
163	7/19/2018 22:25	2469.8	2488.5	20.71				
164	7/19/2018 22:55	2469.8	2488.5	20.7				
165	7/19/2018 23:25	2469.3	2488.5	20.7				
166	7/19/2018 23:55	2468.2	2487.9	20.69				
167	7/20/2018 0:25	2468.2	2487.4	20.69				
168	7/20/2018 0:55	2466.5	2487.4	20.69				
169	7/20/2018 1:25	2467.1	2486.2	20.69				
170	7/20/2018 1:55	2466.5	2486.2	20.69				
171	7/20/2018 2:25	2466	2485.6	20.69				
172	7/20/2018 2:55	2466	2485.6	20.69				
173	7/20/2018 3:25	2466	2485.6	20.68				
174	7/20/2018 3:55	2466.5	2485.6	20.69				
175	7/20/2018 4:25	2466.5	2485.6	20.68				
176	7/20/2018 4:55	2467.1	2486.2	20.68				
177	7/20/2018 5:25	2467.1	2485.6	20.68				
178	7/20/2018 5:55	2466	2485.6	20.67				
179	7/20/2018 6:25	2466	2485.6	20.67				
180	7/20/2018 6:55	2466	2485	20.67				
181	7/20/2018 7:25	2464.8	2485	20.66				
182	7/20/2018 7:55	2464.8	2483.8	20.67				
183	7/20/2018 8:25	2464.3	2483.2	20.66				
184	7/20/2018 8:55	2463.2	2482.6	20.64				
185	7/20/2018 9:25	2463.2	2481.4	20.64				
186	7/20/2018 9:55	2462.1	2480.8	20.64				
187	7/20/2018 10:25	2461	2480.3	20.63				
188	7/20/2018 10:55	2461	2479.7	20.62				
189	7/20/2018 11:25	2459.3	2478.5	20.61				
190	7/20/2018 11:55	2458.8	2477.9	20.61				
191	7/20/2018 12:25	2457.7	2476.1	20.61				
192	7/20/2018 12:55	2457.7	2475.5	20.6				
193	7/20/2018 13:25	2456.6	2474.9	20.6				
194	7/20/2018 13:55	2455.5	2474.3	20.6				
195	7/20/2018 14:25	2452.7	2473.2	20.59				
196	7/20/2018 14:55	2452.7	2472	20.59				
197	7/20/2018 15:25	2451.6	2470.2	20.57				
198	7/20/2018 15:55	2450.5	2469	20.57				
199	7/20/2018 16:25	2448.8	2468.4	20.57				
200	7/20/2018 16:55	2448.8	2466.7	20.56				
201	7/20/2018 17:25	2447.2	2464.9	20.55				
202	7/20/2018 17:55	2446.1	2463.7	20.55				
203	7/20/2018 18:25	2445	2463.1	20.54				
204	7/20/2018 18:55	2443.3	2461.9	20.54				
205	7/20/2018 19:25	2443.3	2461.3	20.53				
206	7/20/2018 19:55	2442.2	2460.2	20.53				
207	7/20/2018 20:25	2441.7	2459.6	20.53				
208	7/20/2018 20:55	2441.1	2459	20.53				
209	7/20/2018 21:25	2441.1	2459	20.52				
210	7/20/2018 21:55	2440	2459	20.52				
211	7/20/2018 22:25	2440.6	2458.4	20.5				
212	7/20/2018 22:55	2440	2459	20.5				
213	7/20/2018 23:25	2441.1	2459	20.5				
214	7/20/2018 23:55	2441.7	2459	20.5				
215	7/21/2018 0:25	2441.1	2460.2	20.5				
216	7/21/2018 0:55	2442.8	2460.8	20.52				
217	7/21/2018 1:25	2443.9	2461.3	20.5				
218	7/21/2018 1:55	2445	2463.7	20.5				
219	7/21/2018 2:25	2445	2463.7	20.5				
220	7/21/2018 2:55	2446.6	2465.5	20.5				
221	7/21/2018 3:25	2448.3	2467.3	20.52				
222	7/21/2018 3:55	2449.9	2468.4	20.52				
223	7/21/2018 4:25	2451.6	2469.6	20.52				
224	7/21/2018 4:55	2451.6	2470.2	20.53				
225	7/21/2018 5:25	2451.6	2470.2	20.53				
226	7/21/2018 5:55	2449.9	2468.4	20.53				
227	7/21/2018 6:25	2449.9	2468.4	20.53				
228	7/21/2018 6:55	2449.9	2468.4	20.54				
229	7/21/2018 7:25	2448.8	2468.4	20.53				
230	7/21/2018 7:55	2448.8	2467.8	20.53				
231	7/21/2018 8:25	2448.3	2467.8	20.54				
232	7/21/2018 8:55	2448.8	2467.8	20.54				
233	7/21/2018 9:25	2448.3	2467.8	20.54				
234	7/21/2018 9:55	2448.3	2467.3	20.54				
235	7/21/2018 10:25	2448.3	2466.7	20.54				
236	7/21/2018 10:55	2448.3	2467.3	20.54				
237	7/21/2018 11:25	2448.3	2467.3	20.54				
238	7/21/2018 11:55	2449.9	2467.8	20.53				
239	7/21/2018 12:25	2449.9	2469	20.53				
240	7/21/2018 12:55	2451.6	2470.2	20.53				
241	7/21/2018 13:25	2452.2	2471.4	20.53				
242	7/21/2018 13:55	2453.3	2472	20.54				
243	7/21/2018 14:25	2454.9	2473.8	20.54				
244	7/21/2018 14:55	2456	2474.3	20.54				
245	7/21/2018 15:25	2457.7	2476.7	20.54				
246	7/21/2018 15:55	2459.9	2479.1	20.54				
247	7/21/2018 16:25	2462.1	2481.4	20.54				
248	7/21/2018 16:55	2466	2485	20.54				
249	7/21/2018 17:25	2472	2490.9	20.53				
250	7/21/2018 17:55	2475.9	2496.2	20.53				
251	7/21/2018 18:25	2479.2	2500.4	20.52				
252	7/21/2018 18:55	2485.8	2505.7	20.52				
253	7/21/2018 19:25	2489.2	2509.8	20.5				
254	7/21/2018 19:55	2490.3	2510.4	20.5				
255	7/21/2018 20:25	2483.1	2502.7	20.49				
256	7/21/2018 20:55	2484.2	2505.1	20.48				
257	7/21/2018 21:25	2486.9	2507.5	20.48				
258	7/21/2018 21:55	2488.1	2508.6	20.48				
259	7/21/2018 22:25	2492.5	2512.8	20.48				
260	7/21/2018 22:55	2497.5	2517.5	20.47				
261	7/21/2018 23:25	2500.2	2521.1	20.46				
262	7/21/2018 23:55	2503	2524	20.46				
263	7/22/2018 0:25	2503.5	2524	20.45				
264	7/22/2018 0:55	2504.1	2525.8	20.45				
265	7/22/2018 1:25	2509.1	2530.6	20.44				
266	7/22/2018 1:55	2512.4	2534.7	20.44				
267	7/22/2018 2:25	2517.9	2539.4	20.42				
268	7/22/2018 2:55	2520.7	2543	20.42				
269	7/22/2018 3:25	2522.9	2544.8	20.41				
270	7/22/2018 3:55	2524.6	2546	20.41				
271	7/22/2018 4:25	2524.6	2546	20.41				
272	7/22/2018 4:55	2524.6	2546.5	20.4				
273	7/22/2018 5:25	2524.6	2546	20.4				
274	7/22/2018 5:55	2523.5	2545.4	20.39				
275	7/22/2018 6:25	2521.3	2543.6	20.39				
276	7/22/2018 6:55	2520.7	2542.4	20.39				
277	7/22/2018 7:25	2520.2	2541.8	20.38				
278	7/22/2018 7:55	2518.5	2540	20.38				
279	7/22/2018 8:25	2517.4	2539.4	20.38				
280	7/22/2018 8:55	2516.3	2538.8	20.37				
281	7/22/2018 9:25	2516.3	2537.7	20.37				
282	7/22/2018 9:55	2516.3	2537.7	20.35				
283	7/22/2018 10:25	2516.3	2537.7	20.35				
284	7/22/2018 10:55	2516.3	2536.5	20.35				
285	7/22/2018 11:25	2514.6	2536.5	20.34				
286	7/22/2018 11:55	2515.2	2536.5	20.32				
287	7/22/2018 12:25	2514.1	2535.9	20.32				
288	7/22/2018 12:55	2514.6	2535.9	20.32				
289	7/22/2018 13:25	2514.1	2535.3	20.31				
290	7/22/2018 13:55	2513.5	2535.3	20.31				
291	7/22/2018 14:25	2513.5	2535.3	20.31				
292	7/22/2018 14:55	2513.5	2535.9	20.31				
293	7/22/2018 15:25	2515.7	2537.1	20.3				
294	7/22/2018 15:55	2518.5	2538.8	20.3				
295	7/22/2018 16:25	2520.7	2541.8	20.28				
296	7/22/2018 16:55	2522.4	2544.2	20.28				
297	7/22/2018 17:25	2525.7	2548.3	20.27				
298	7/22/2018 17:55	2527.4	2548.9	20.27				
299	7/22/2018 18:25	2529.6	2551.3	20.26				
300	7/22/2018 18:55	2532.4	2553.7	20.26				
301	7/22/2018 19:25	2535.7	2557.2	20.26				
302	7/22/2018 19:55	2538.5	2560.8	20.25				
303	7/22/2018 20:25	2543.4	2565.5	20.25				
304	7/22/2018 20:55	2546.8	2568.5	20.24				
305	7/22/2018 21:25	2549.6	2571.4	20.24				
306	7/22/2018 21:55	2552.9	2573.8	20.23				
307	7/22/2018 22:25	2555.7	2577.4	20.23				
308	7/22/2018 22:55	2556.8	2578.6	20.22				
309	7/22/2018 23:25	2558.4	2579.8	20.22				
310	7/22/2018 23:55	2559.5	2581.5	20.2				
311	7/23/2018 0:25	2560.7	2582.7	20.2				
312	7/23/2018 0:55	2562.3	2584.5	20.19				
313	7/23/2018 1:25	2562.9	2586.3	20.19				
314	7/23/2018 1:55	2565.1	2587.5	20.19				
315	7/23/2018 2:25	2566.2	2588.6	20.18				
316	7/23/2018 2:55	2567.9	2591	20.18				
317	7/23/2018 3:25	2570.1	2593.4	20.17				
318	7/23/2018 3:55	2571.8	2594.6	20.17				
319	7/23/2018 4:25	2572.9	2595.2	20.17				
320	7/23/2018 4:55	2574	2595.8	20.17				
321	7/23/2018 5:25	2574	2595.8	20.17				
322	7/23/2018 5:55	2574	2595.8	20.16				
323	7/23/2018 6:25	2571.8	2594	20.15				
324	7/23/2018 6:55	2570.1	2592.8	20.16				
325	7/23/2018 7:25	2569	2592.2	20.15				
326	7/23/2018 7:55	2569	2591.6	20.15				
327	7/23/2018 8:25	2567.9	2590.4	20.15				
328	7/23/2018 8:55	2567.9	2589.2	20.15				
329	7/23/2018 9:25	2566.8	2589.8	20.13				
330	7/23/2018 9:55	2567.9	2590.4	20.13				
331	7/23/2018 10:25	2567.9	2589.8	20.13				
332	7/23/2018 10:55	2566.8	2588.6	20.13				
333	7/23/2018 11:25	2566.8	2588.1	20.12				
334	7/23/2018 11:55	2567.9	2590.4	20.12				
335	7/23/2018 12:25	2569.6	2591	20.11				
336	7/23/2018 12:55	2570.7	2592.8	20.12				
337	7/23/2018 13:25	2569	2592.2	20.11				
338	7/23/2018 13:55	2570.1	2592.8	20.1				
339	7/23/2018 14:25	2569.6	2592.8	20.11				
340	7/23/2018 14:55	2571.8	2594	20.11				
341	7/23/2018 15:25	2571.8	2594.6	20.1				
342	7/23/2018 15:55	2570.7	2593.4	20.1				
343	7/23/2018 16:25	2567.9	2591	20.1				
344	7/23/2018 16:55	2567.3	2589.8	20.1				
345	7/23/2018 17:25	2566.8	2588.6	20.1				
346	7/23/2018 17:55	2565.7	2588.1	20.1				
347	7/23/2018 18:25	2564	2586.9	20.1				
348	7/23/2018 18:55	2564	2586.9	20.1				
349	7/23/2018 19:25	2564	2586.9	20.1				
350	7/23/2018 19:55	2564.5	2585.7	20.1				
351	7/23/2018 20:25	2564	2586.3	20.11				
352	7/23/2018 20:55	2564.5	2587.5	20.12				
353	7/23/2018 21:25	2565.7	2587.5	20.12				
354	7/23/2018 21:55	2565.7	2587.5	20.13				
355	7/23/2018 22:25	2566.8	2588.1	20.13				
356	7/23/2018 22:55	2567.3	2589.8	20.13				
357	7/23/2018 23:25	2570.7	2592.2	20.13				
358	7/23/2018 23:55	2571.2	2595.2	20.13				
359	7/24/2018 0:25	2575.7	2598.1	20.15				
360	7/24/2018 0:55	2579	2601.7	20.13				
361	7/24/2018 1:25	2584	2605.9	20.13				
362	7/24/2018 1:55	2587.3	2610.6	20.13				
363	7/24/2018 2:25	2593.5	2617.7	20.13				
364	7/24/2018 2:55	2599.6	2623.1	20.13				
365	7/24/2018 3:25	2601.8	2626.1	20.13				
366	7/24/2018 3:55	2605.7	2630.2	20.13				
367	7/24/2018 4:25	2610.7	2635	20.13				
368	7/24/2018 4:55	2615.8	2639.7	20.13				
369	7/24/2018 5:25	2616.9	2642.1	20.13				
370	7/24/2018 5:55	2618	2643.3	20.13				
371	7/24/2018 6:25	2619.1	2645.1	20.13				
372	7/24/2018 6:55	2623	2646.8	20.13				
373	7/24/2018 7:25	2621.9	2646.8	20.13				
374	7/24/2018 7:55	2620.8	2645.1	20.15				
375	7/24/2018 8:25	2618	2642.7	20.15				
376	7/24/2018 8:55	2616.9	2642.1	20.15				
377	7/24/2018 9:25	2618	2643.9	20.15				
378	7/24/2018 9:55	2621.9	2647.4	20.16				
379	7/24/2018 10:25	2624.1	2649.2	20.17				
380	7/24/2018 10:55	2623.6	2648.6	20.17				
381	7/24/2018 11:25	2625.8	2651	20.17				
382	7/24/2018 11:55	2629.7	2654	20.17				
383	7/24/2018 12:25	2630.8	2655.8	20.17				
384	7/24/2018 12:55	2632.5	2657.5	20.18				
385	7/24/2018 13:25	2639.2	2664.7	20.17				
386	7/24/2018 13:55	2644.8	2670	20.18				
387	7/24/2018 14:25	2647.6	2672.4	20.18				
388	7/24/2018 14:55	2650.9	2677.2	20.18				
389	7/24/2018 15:25	2654.3	2680.7	20.18				
390	7/24/2018 15:55	2657.1	2683.1	20.18				
391	7/24/2018 16:25	2658.2	2684.9	20.18				
392	7/24/2018 16:55	2662.1	2687.9	20.19				
393	7/24/2018 17:25	2662.1	2689.1	20.19				
394	7/24/2018 17:55	2663.2	2688.5	20.19				
395	7/24/2018 18:25	2663.2	2688.5	20.2				
396	7/24/2018 18:55	2662.1	2687.9	20.2				
397	7/24/2018 19:25	2661	2686.7	20.2				
398	7/24/2018 19:55	2661	2686.7	20.2				
399	7/24/2018 20:25	2659.9	2685.5	20.2				
400	7/24/2018 20:55	2659.9	2685.5	20.2				
401	7/24/2018 21:25	2659.9	2685.5	20.22				
402	7/24/2018 21:55	2658.2	2684.3	20.23				
403	7/24/2018 22:25	2658.2	2684.3	20.23				
404	7/24/2018 22:55	2658.2	2684.3	20.23				
405	7/24/2018 23:25	2659.3	2685.5	20.24				
406	7/24/2018 23:55	2662.7	2687.9	20.25				
407	7/25/2018 0:25	2663.8	2690.9	20.25				
408	7/25/2018 0:55	2666	2691.5	20.25				
409	7/25/2018 1:25	2666.6	2692.6	20.26				
410	7/25/2018 1:55	2669.4	2695.6	20.26				
411	7/25/2018 2:25	2672.2	2699.2	20.25				
412	7/25/2018 2:55	2675	2701	20.26				
413	7/25/2018 3:25	2676.1	2704.6	20.25				
414	7/25/2018 3:55	2678.9	2706.3	20.26				
415	7/25/2018 4:25	2683.9	2709.3	20.25				
416	7/25/2018 4:55	2685.1	2712.3	20.25				
417	7/25/2018 5:25	2686.2	2713.5	20.25				
418	7/25/2018 5:55	2686.7	2712.9	20.25				
419	7/25/2018 6:25	2687.9	2714.7	20.26				
420	7/25/2018 6:55	2687.9	2714.7	20.25				
421	7/25/2018 7:25	2686.2	2713.5	20.25				
422	7/25/2018 7:55	2686.2	2712.3	20.26				
423	7/25/2018 8:25	2685.1	2712.3	20.26				
424	7/25/2018 8:55	2685.1	2711.7	20.26				
425	7/25/2018 9:25	2685.1	2711.1	20.26				
426	7/25/2018 9:55	2685.1	2711.1	20.27				
427	7/25/2018 10:25	2685.1	2711.1	20.28				
428	7/25/2018 10:55	2683.9	2711.7	20.27				
429	7/25/2018 11:25	2685.1	2712.3	20.28				
430	7/25/2018 11:55	2686.2	2712.3	20.28				
431	7/25/2018 12:25	2686.7	2712.9	20.28				
432	7/25/2018 12:55	2686.2	2712.9	20.28				
433	7/25/2018 13:25	2686.7	2714.1	20.3				
434	7/25/2018 13:55	2686.7	2714.7	20.3				
435	7/25/2018 14:25	2686.7	2714.7	20.28				
436	7/25/2018 14:55	2687.9	2715.3	20.3				
437	7/25/2018 15:25	2687.9	2715.3	20.3				
438	7/25/2018 15:55	2688.4	2715.9	20.3				
439	7/25/2018 16:25	2688.4	2716.5	20.3				
440	7/25/2018 16:55	2687.9	2716.5	20.3				
441	7/25/2018 17:25	2688.4	2717.7	20.3				
442	7/25/2018 17:55	2688.4	2717.1	20.31				
443	7/25/2018 18:25	2688.4	2718.2	20.31				
444	7/25/2018 18:55	2689.5	2718.2	20.31				
445	7/25/2018 19:25	2690.1	2718.8	20.3				
446	7/25/2018 19:55	2690.7	2719.4	20.31				
447	7/25/2018 20:25	2690.7	2720	20.31				
448	7/25/2018 20:55	2692.3	2720.6	20.31				
449	7/25/2018 21:25	2690.7	2721.2	20.3				
450	7/25/2018 21:55	2693.5	2722.4	20.3				
451	7/25/2018 22:25	2694.6	2723.6	20.31				
452	7/25/2018 22:55	2695.7	2724.8	20.31				
453	7/25/2018 23:25	2695.7	2726	20.31				
454	7/25/2018 23:55	2696.3	2726.6	20.31				
455	7/26/2018 0:25	2697.4	2727.2	20.32				
456	7/26/2018 0:55	2698.5	2728.4	20.32				
457	7/26/2018 1:25	2699.1	2729	20.32				
458	7/26/2018 1:55	2700.2	2730.2	20.33				
459	7/26/2018 2:25	2700.2	2730.8	20.33				
460	7/26/2018 2:55	2702.4	2732.5	20.33				
461	7/26/2018 3:25	2703.6	2733.7	20.33				
462	7/26/2018 3:55	2704.1	2734.3	20.33				
463	7/26/2018 4:25	2706.4	2736.7	20.33				
464	7/26/2018 4:55	2707.5	2737.9	20.33				
465	7/26/2018 5:25	2708	2739.7	20.33				
466	7/26/2018 5:55	2709.2	2740.3	20.33				
467	7/26/2018 6:25	2710.3	2740.9	20.33				
468	7/26/2018 6:55	2711.4	2741.5	20.33				
469	7/26/2018 7:25	2711.4	2742.1	20.33				
470	7/26/2018 7:55	2710.8	2741.5	20.33				
471	7/26/2018 8:25	2710.3	2742.1	20.33				
472	7/26/2018 8:55	2711.4	2742.1	20.33				
473	7/26/2018 9:25	2711.4	2742.7	20.33				
474	7/26/2018 9:55	2711.4	2742.7	20.33				
475	7/26/2018 10:25	2712	2742.7	20.32				
476	7/26/2018 10:55	2713.1	2743.3	20.32				
477	7/26/2018 11:25	2711.4	2742.7	20.32				
478	7/26/2018 11:55	2712.5	2742.7	20.33				
479	7/26/2018 12:25	2712	2742.7	20.32				
480	7/26/2018 12:55	2711.4	2742.1	20.32				
481	7/26/2018 13:25	2711.4	2742.7	20.32				
482	7/26/2018 13:55	2711.4	2742.7	20.31				
483	7/26/2018 14:25	2711.4	2742.1	20.31				
484	7/26/2018 14:55	2711.4	2742.1	20.32				
485	7/26/2018 15:25	2711.4	2742.1	20.31				
486	7/26/2018 15:55	2710.8	2742.1	20.31				
487	7/26/2018 16:25	2712	2742.7	20.31				
488	7/26/2018 16:55	2711.4	2742.1	20.31				
489	7/26/2018 17:25	2712	2742.7	20.31				
490	7/26/2018 17:55	2712	2742.7	20.3				
491	7/26/2018 18:25	2712	2742.7	20.31				
492	7/26/2018 18:55	2712.5	2743.9	20.3				
493	7/26/2018 19:25	2713.1	2743.9	20.31				
494	7/26/2018 19:55	2714.8	2744.5	20.3				
495	7/26/2018 20:25	2714.8	2745.1	20.3				
496	7/26/2018 20:55	2714.8	2745.7	20.31				
497	7/26/2018 21:25	2715.9	2746.9	20.31				
498	7/26/2018 21:55	2717	2747.4	20.31				
499	7/26/2018 22:25	2717	2749.2	20.31				
500	7/26/2018 22:55	2718.1	2749.8	20.31				
501	7/26/2018 23:25	2719.8	2751	20.32				
502	7/26/2018 23:55	2719.8	2752.8	20.32				
503	7/27/2018 0:25	2720.9	2752.8	20.32				
504	7/27/2018 0:55	2722.6	2754.6	20.32				
505	7/27/2018 1:25	2723.8	2756.4	20.32				
506	7/27/2018 1:55	2724.9	2757.6	20.33				
507	7/27/2018 2:25	2726	2758.8	20.33				
508	7/27/2018 2:55	2727.7	2760	20.33				
509	7/27/2018 3:25	2728.8	2761.2	20.33				
510	7/27/2018 3:55	2728.8	2761.8	20.34				
511	7/27/2018 4:25	2730.5	2763.5	20.34				
512	7/27/2018 4:55	2731.6	2764.7	20.34				
513	7/27/2018 5:25	2732.7	2765.9	20.35				
514	7/27/2018 5:55	2733.9	2767.7	20.35				
515	7/27/2018 6:25	2735.5	2769.5	20.35				
516	7/27/2018 6:55	2736.7	2771.3	20.35				
517	7/27/2018 7:25	2738.4	2773.1	20.35				
518	7/27/2018 7:55	2739.5	2774.9	20.37				
519	7/27/2018 8:25	2740.6	2777.3	20.37				
520	7/27/2018 8:55	2741.7	2779.6	20.37				
521	7/27/2018 9:25	2744.5	2781.4	20.37				
522	7/27/2018 9:55	2746.8	2784.4	20.38				
523	7/27/2018 10:25	2748.5	2786.8	20.37				
524	7/27/2018 10:55	2750.7	2789.8	20.38				
525	7/27/2018 11:25	2751.9	2791.6	20.38				
526	7/27/2018 11:55	2753.5	2794	20.38				
527	7/27/2018 12:25	2755.8	2797	20.38				
528	7/27/2018 12:55	2756.4	2799.3	20.38				
529	7/27/2018 13:25	2757.5	2801.1	20.38				
530	7/27/2018 13:55	2758.6	2804.1	20.38				
531	7/27/2018 14:25	2759.7	2807.1	20.38				
532	7/27/2018 14:55	2760.3	2810.1	20.38				
533	7/27/2018 15:25	2764.8	2811.9	20.39				
534	7/27/2018 15:55	2767.6	2814.9	20.39				
535	7/27/2018 16:25	2770.4	2819	20.38				
536	7/27/2018 16:55	2778.3	2826.8	20.38				
537	7/27/2018 17:25	2781.1	2832.2	20.39				
538	7/27/2018 17:55	2787.3	2837	20.39				
539	7/27/2018 18:25	2790.2	2841.7	20.4				
540	7/27/2018 18:55	2790.7	2845.3	20.41				
541	7/27/2018 19:25	2789.6	2847.7	20.41				
542	7/27/2018 19:55	2794.7	2851.9	20.42				
543	7/27/2018 20:25	2798.6	2856.1	20.44				
544	7/27/2018 20:55	2804.8	2859.7	20.45				
545	7/27/2018 21:25	2808.8	2863.9	20.46				
546	7/27/2018 21:55	2811	2866.9	20.47				
547	7/27/2018 22:25	2813.9	2870.4	20.47				
548	7/27/2018 22:55	2816.1	2873.4	20.47				
549	7/27/2018 23:25	2819	2876.4	20.48				
550	7/27/2018 23:55	2824	2878.8	20.48				
551	7/28/2018 0:25	2825.7	2881.8	20.49				
552	7/28/2018 0:55	2829.1	2884.8	20.49				
553	7/28/2018 1:25	2826.9	2887.2	20.5				
554	7/28/2018 1:55	2829.7	2889	20.5				
555	7/28/2018 2:25	2830.8	2891.4	20.5				
556	7/28/2018 2:55	2837	2894.4	20.52				
557	7/28/2018 3:25	2839.9	2895.6	20.52				
558	7/28/2018 3:55	2839.9	2896.8	20.52				
559	7/28/2018 4:25	2842.1	2899.2	20.52				
560	7/28/2018 4:55	2845	2900.4	20.52				
561	7/28/2018 5:25	2841.6	2903.3	20.52				
562	7/28/2018 5:55	2844.4	2905.1	20.52				
563	7/28/2018 6:25	2845.5	2906.3	20.52				
564	7/28/2018 6:55	2848.4	2907.5	20.52				
565	7/28/2018 7:25	2845.5	2909.3	20.53				
566	7/28/2018 7:55	2847.2	2909.9	20.53				
567	7/28/2018 8:25	2846.1	2911.7	20.52				
568	7/28/2018 8:55	2848.4	2912.3	20.52				
569	7/28/2018 9:25	2847.2	2912.9	20.52				
570	7/28/2018 9:55	2851.2	2914.1	20.52				
571	7/28/2018 10:25	2849.5	2914.7	20.5				
572	7/28/2018 10:55	2852.3	2915.3	20.52				
573	7/28/2018 11:25	2848.9	2915.3	20.5				
574	7/28/2018 11:55	2853.5	2916.5	20.5				
575	7/28/2018 12:25	2854.6	2916.5	20.49				
576	7/28/2018 12:55	2853.5	2917.1	20.49				
577	7/28/2018 13:25	2854.6	2917.7	20.49				
578	7/28/2018 13:55	2854.6	2917.7	20.5				
579	7/28/2018 14:25	2850.1	2917.7	20.49				
580	7/28/2018 14:55	2855.7	2918.9	20.49				
581	7/28/2018 15:25	2855.2	2918.9	20.49				
582	7/28/2018 15:55	2856.9	2918.9	20.49				
583	7/28/2018 16:25	2856.3	2920.7	20.48				
584	7/28/2018 16:55	2858.6	2921.3	20.49				
585	7/28/2018 17:25	2860.8	2921.9	20.48				
586	7/28/2018 17:55	2860.3	2923.7	20.48				
587	7/28/2018 18:25	2862.5	2924.3	20.48				
588	7/28/2018 18:55	2863.1	2925.5	20.48				
589	7/28/2018 19:25	2864.8	2926.7	20.48				
590	7/28/2018 19:55	2866.5	2929.1	20.48				
591	7/28/2018 20:25	2868.2	2929.7	20.49				
592	7/28/2018 20:55	2869.3	2931.5	20.48				
593	7/28/2018 21:25	2870.5	2932.7	20.49				
594	7/28/2018 21:55	2872.2	2933.9	20.49				
595	7/28/2018 22:25	2872.2	2935.7	20.49				
596	7/28/2018 22:55	2874.4	2937.5	20.49				
597	7/28/2018 23:25	2875	2939.3	20.5				
598	7/28/2018 23:55	2877.8	2939.9	20.49				
599	7/29/2018 0:25	2879	2941.7	20.5				
600	7/29/2018 0:55	2875	2943.5	20.5				
601	7/29/2018 1:25	2872.2	2944.1	20.5				
602	7/29/2018 1:55	2874.4	2945.3	20.5				
603	7/29/2018 2:25	2878.4	2947.1	20.52				
604	7/29/2018 2:55	2880.7	2948.3	20.52				
605	7/29/2018 3:25	2881.8	2949.5	20.52				
606	7/29/2018 3:55	2882.4	2951.8	20.52				
607	7/29/2018 4:25	2884.6	2951.8	20.52				
608	7/29/2018 4:55	2885.2	2953.6	20.52				
609	7/29/2018 5:25	2887.5	2955.4	20.53				
610	7/29/2018 5:55	2889.8	2956	20.52				
611	7/29/2018 6:25	2887.5	2957.2	20.53				
612	7/29/2018 6:55	2888	2957.8	20.53				
613	7/29/2018 7:25	2891.5	2958.4	20.52				
614	7/29/2018 7:55	2892	2959	20.53				
615	7/29/2018 8:25	2893.2	2960.2	20.53				
616	7/29/2018 8:55	2892	2960.2	20.52				
617	7/29/2018 9:25	2892	2960.8	20.52				
618	7/29/2018 9:55	2892.6	2961.4	20.52				
619	7/29/2018 10:25	2892.6	2962	20.52				
620	7/29/2018 10:55	2893.2	2960.8	20.5				
621	7/29/2018 11:25	2888	2961.4	20.5				
622	7/29/2018 11:55	2890.3	2960.8	20.5				
623	7/29/2018 12:25	2893.2	2961.4	20.5				
624	7/29/2018 12:55	2886.3	2961.4	20.5				
625	7/29/2018 13:25	2889.2	2961.4	20.49				
626	7/29/2018 13:55	2880.7	2959.6	20.49				
627	7/29/2018 14:25	2885.2	2960.2	20.48				
628	7/29/2018 14:55	2883.5	2960.2	20.48				
629	7/29/2018 15:25	2881.8	2960.2	20.48				
630	7/29/2018 15:55	2874.4	2959	20.48				
631	7/29/2018 16:25	2871.6	2959	20.47				
632	7/29/2018 16:55	2876.1	2960.2	20.47				
633	7/29/2018 17:25	2875	2960.8	20.46				
634	7/29/2018 17:55	2877.3	2961.4	20.46				
635	7/29/2018 18:25	2883.5	2962.6	20.46				
636	7/29/2018 18:55	2882.4	2963.8	20.45				
637	7/29/2018 19:25	2879.5	2964.4	20.45				
638	7/29/2018 19:55	2877.8	2965.6	20.45				
639	7/29/2018 20:25	2880.1	2966.2	20.44				
640	7/29/2018 20:55	2884.6	2967.4	20.44				
641	7/29/2018 21:25	2882.9	2968.6	20.45				
642	7/29/2018 21:55	2886.9	2971	20.44				
643	7/29/2018 22:25	2888.6	2971	20.44				
644	7/29/2018 22:55	2890.3	2972.8	20.44				
645	7/29/2018 23:25	2890.3	2974	20.45				
646	7/29/2018 23:55	2892	2975.8	20.44				
647	7/30/2018 0:25	2893.2	2977	20.44				
648	7/30/2018 0:55	2894.9	2978.8	20.44				
649	7/30/2018 1:25	2894.9	2979.4	20.42				
650	7/30/2018 1:55	2897.7	2981.2	20.44				
651	7/30/2018 2:25	2898.8	2981.8	20.42				
652	7/30/2018 2:55	2897.7	2983	20.42				
653	7/30/2018 3:25	2901.1	2984.2	20.42				
654	7/30/2018 3:55	2902.2	2984.8	20.42				
655	7/30/2018 4:25	2902.8	2986	20.42				
656	7/30/2018 4:55	2905.1	2987.2	20.42				
657	7/30/2018 5:25	2905.7	2987.2	20.42				
658	7/30/2018 5:55	2903.4	2988.4	20.42				
659	7/30/2018 6:25	2907.9	2990.8	20.42				
660	7/30/2018 6:55	2910.8	2993.2	20.41				
661	7/30/2018 7:25	2910.8	2993.8	20.41				
662	7/30/2018 7:55	2911.9	2995	20.41				
663	7/30/2018 8:25	2913.6	2996.2	20.41				
664	7/30/2018 8:55	2914.8	2997.4	20.41				
665	7/30/2018 9:25	2914.8	2997.4	20.41				
666	7/30/2018 9:55	2915.9	2997.4	20.4				
667	7/30/2018 10:25	2908.5	2996.8	20.4				
668	7/30/2018 10:55	2905.1	2997.4	20.4				
669	7/30/2018 11:25	2910.8	2997.4	20.4				
670	7/30/2018 11:55	2910.2	2997.4	20.39				
671	7/30/2018 12:25	2912.5	2997.4	20.39				
672	7/30/2018 12:55	2910.2	2997.4	20.38				
673	7/30/2018 13:25	2908.5	2996.8	20.38				
674	7/30/2018 13:55	2905.1	2996.8	20.38				
675	7/30/2018 14:25	2906.2	2997.4	20.37				
676	7/30/2018 14:55	2908.5	2997.4	20.37				
677	7/30/2018 15:25	2909.1	2997.4	20.37				
678	7/30/2018 15:55	2910.2	2998.6	20.35				
679	7/30/2018 16:25	2906.8	2998	20.34				
680	7/30/2018 16:55	2911.3	2999.2	20.34				
681	7/30/2018 17:25	2912.5	2999.8	20.34				
682	7/30/2018 17:55	2911.3	3001	20.33				
683	7/30/2018 18:25	2912.5	3001	20.34				
684	7/30/2018 18:55	2913	3001.6	20.33				
685	7/30/2018 19:25	2915.3	3003.4	20.32				
686	7/30/2018 19:55	2916.5	3004	20.32				
687	7/30/2018 20:25	2916.5	3005.2	20.32				
688	7/30/2018 20:55	2916.5	3005.8	20.31				
689	7/30/2018 21:25	2919.3	3006.4	20.31				
690	7/30/2018 21:55	2917	3006.4	20.3				
691	7/30/2018 22:25	2918.2	3007	20.3				
692	7/30/2018 22:55	2919.3	3007.6	20.3				
693	7/30/2018 23:25	2919.3	3007.6	20.3				
694	7/30/2018 23:55	2920.4	3009.4	20.28				
695	7/31/2018 0:25	2920.4	3010	20.28				
696	7/31/2018 0:55	2917	3010.6	20.28				
697	7/31/2018 1:25	2913.6	3010	20.27				
698	7/31/2018 1:55	2915.9	3011.8	20.27				
699	7/31/2018 2:25	2913.6	3012.4	20.27				
700	7/31/2018 2:55	2919.3	3014.2	20.27				
701	7/31/2018 3:25	2922.7	3016	20.26				
702	7/31/2018 3:55	2923.9	3017.2	20.25				
703	7/31/2018 4:25	2925	3018.4	20.25				
704	7/31/2018 4:55	2923.3	3018.4	20.25				
705	7/31/2018 5:25	2923.9	3018.4	20.25				
706	7/31/2018 5:55	2925.6	3019	20.25				
707	7/31/2018 6:25	2925.6	3019.6	20.24				
708	7/31/2018 6:55	2927.8	3020.2	20.24				
709	7/31/2018 7:25	2929.5	3021.4	20.23				
710	7/31/2018 7:55	2929.5	3022.6	20.23				
711	7/31/2018 8:25	2930.7	3023.8	20.23				
712	7/31/2018 8:55	2930.7	3024.4	20.23				
713	7/31/2018 9:25	2932.4	3025	20.22				
714	7/31/2018 9:55	2930.7	3025	20.22				
715	7/31/2018 10:25	2932.4	3026.8	20.2				
716	7/31/2018 10:55	2933.5	3026.8	20.2				
717	7/31/2018 11:25	2933.5	3026.8	20.2				
718	7/31/2018 11:55	2933.5	3026.8	20.19				
719	7/31/2018 12:25	2932.4	3027.4	20.19				
720	7/31/2018 12:55	2932.4	3027.4	20.19				
721	7/31/2018 13:25	2930.7	3026.8	20.18				
722	7/31/2018 13:55	2932.4	3027.4	20.18				
723	7/31/2018 14:25	2932.4	3027.4	20.17				
724	7/31/2018 14:55	2933.5	3028.6	20.17				
725	7/31/2018 15:25	2933.5	3028	20.17				
726	7/31/2018 15:55	2932.4	3028.6	20.16				
727	7/31/2018 16:25	2930.7	3027.4	20.16				
728	7/31/2018 16:55	2931.3	3028	20.16				
729	7/31/2018 17:25	2929.5	3026.8	20.16				
730	7/31/2018 17:55	2925	3026.8	20.16				
731	7/31/2018 18:25	2929	3027.4	20.15				
732	7/31/2018 18:55	2927.3	3028	20.15				
733	7/31/2018 19:25	2927.3	3027.4	20.15				
734	7/31/2018 19:55	2928.4	3027.4	20.15				
735	7/31/2018 20:25	2926.1	3027.4	20.15				
736	7/31/2018 20:55	2922.1	3028	20.15				
737	7/31/2018 21:25	2920.4	3028	20.15				
738	7/31/2018 21:55	2921	3029.2	20.15				
739	7/31/2018 22:25	2923.9	3029.8	20.15				
740	7/31/2018 22:55	2925.6	3031.6	20.13				
741	7/31/2018 23:25	2922.1	3032.2	20.15				
742	7/31/2018 23:55	2920.4	3032.2	20.13				
743	8/1/2018 0:25	2921	3034	20.13				
744	8/1/2018 0:55	2922.1	3034	20.13				
745	8/1/2018 1:25	2923.3	3034.6	20.15				
746	8/1/2018 1:55	2923.9	3035.2	20.15				
747	8/1/2018 2:25	2925	3037.6	20.15				
748	8/1/2018 2:55	2924.4	3038.8	20.15				
749	8/1/2018 3:25	2926.7	3040	20.15				
750	8/1/2018 3:55	2929	3041.8	20.16				
751	8/1/2018 4:25	2930.7	3044.8	20.15				
752	8/1/2018 4:55	2933	3046	20.16				
753	8/1/2018 5:25	2932.4	3047.8	20.16				
754	8/1/2018 5:55	2934.7	3049	20.17				
755	8/1/2018 6:25	2935.8	3052	20.17				
756	8/1/2018 6:55	2936.4	3053.2	20.17				
757	8/1/2018 7:25	2939.8	3053.8	20.17				
758	8/1/2018 7:55	2936.4	3056.8	20.17				
759	8/1/2018 8:25	2944.9	3059.8	20.17				
760	8/1/2018 8:55	2946.6	3062.2	20.17				
761	8/1/2018 9:25	2947.8	3064	20.17				
762	8/1/2018 9:55	2948.9	3064.6	20.18				
763	8/1/2018 10:25	2948.9	3062.8	20.18				
764	8/1/2018 10:55	2946.6	3061.6	20.18				
765	8/1/2018 11:25	2944.9	3059.8	20.18				
766	8/1/2018 11:55	2944.9	3059.2	20.18				
767	8/1/2018 12:25	2944.9	3060.4	20.19				
768	8/1/2018 12:55	2946.6	3062.2	20.18				
769	8/1/2018 13:25	2946.6	3062.8	20.19				
770	8/1/2018 13:55	2946.6	3061.6	20.19				
771	8/1/2018 14:25	2946.6	3061.6	20.19				
772	8/1/2018 14:55	2946.6	3062.2	20.2				
773	8/1/2018 15:25	2944.4	3062.2	20.2				
774	8/1/2018 15:55	2942.1	3061	20.2				
775	8/1/2018 16:25	2945.5	3062.2	20.2				
776	8/1/2018 16:55	2946.6	3064	20.22				
777	8/1/2018 17:25	2947.8	3065.2	20.22				
778	8/1/2018 17:55	2951.2	3067	20.23				
779	8/1/2018 18:25	2952.3	3070	20.23				
780	8/1/2018 18:55	2953.5	3070	20.24				
781	8/1/2018 19:25	2953.5	3070.6	20.24				
782	8/1/2018 19:55	2954	3071.2	20.25				
783	8/1/2018 20:25	2955.2	3071.8	20.25				
784	8/1/2018 20:55	2955.2	3073	20.26				
785	8/1/2018 21:25	2957.5	3074.2	20.26				
786	8/1/2018 21:55	2959.2	3076.6	20.27				
787	8/1/2018 22:25	2960.3	3078.5	20.27				
788	8/1/2018 22:55	2960.9	3077.9	20.28				
789	8/1/2018 23:25	2963.2	3078.5	20.28				
790	8/1/2018 23:55	2962	3078.5	20.3				
791	8/2/2018 0:25	2960.3	3078.5	20.31				
792	8/2/2018 0:55	2964.3	3079.1	20.31				
793	8/2/2018 1:25	2963.2	3080.9	20.32				
794	8/2/2018 1:55	2965.4	3082.1	20.33				
795	8/2/2018 2:25	2963.7	3083.9	20.33				
796	8/2/2018 2:55	2964.9	3083.9	20.34				
797	8/2/2018 3:25	2967.2	3083.9	20.35				
798	8/2/2018 3:55	2967.2	3084.5	20.35				
799	8/2/2018 4:25	2967.2	3085.7	20.35				
800	8/2/2018 4:55	2968.9	3086.3	20.37				
801	8/2/2018 5:25	2958.6	3086.3	20.37				
802	8/2/2018 5:55	2968.9	3087.5	20.38				
803	8/2/2018 6:25	2967.2	3086.9	20.39				
804	8/2/2018 6:55	2973.4	3088.7	20.39				
805	8/2/2018 7:25	2975.2	3089.9	20.39				
806	8/2/2018 7:55	2975.2	3090.5	20.4				
807	8/2/2018 8:25	2976.3	3090.5	20.41				
808	8/2/2018 8:55	2979.1	3093.5	20.42				
809	8/2/2018 9:25	2982	3095.9	20.42				
810	8/2/2018 9:55	2982	3095.9	20.42				
811	8/2/2018 10:25	2979.1	3094.7	20.44				
812	8/2/2018 10:55	2979.1	3094.1	20.44				
813	8/2/2018 11:25	2983.1	3095.9	20.45				
814	8/2/2018 11:55	2983.1	3097.1	20.45				
815	8/2/2018 12:25	2982	3096.5	20.46				
816	8/2/2018 12:55	2979.1	3093.5	20.46				
817	8/2/2018 13:25	2975.7	3092.9	20.47				
818	8/2/2018 13:55	2979.1	3094.1	20.48				
819	8/2/2018 14:25	2980.9	3095.3	20.48				
820	8/2/2018 14:55	2982	3095.9	20.48				
821	8/2/2018 15:25	2982	3095.9	20.48				
822	8/2/2018 15:55	2979.7	3094.7	20.49				
823	8/2/2018 16:25	2980.9	3098.3	20.49				
824	8/2/2018 16:55	2987.1	3102.5	20.49				
825	8/2/2018 17:25	2988.3	3104.9	20.5				
826	8/2/2018 17:55	2989.4	3107.3	20.5				
827	8/2/2018 18:25	2993.4	3110.3	20.52				
828	8/2/2018 18:55	2995.1	3114.5	20.52				
829	8/2/2018 19:25	3000.3	3119.3	20.54				
830	8/2/2018 19:55	3002	3123.5	20.54				
831	8/2/2018 20:25	3007.2	3126.5	20.55				
832	8/2/2018 20:55	3010	3129.6	20.56				
833	8/2/2018 21:25	3012.9	3132.6	20.57				
834	8/2/2018 21:55	3015.7	3136.2	20.57				
835	8/2/2018 22:25	3018.6	3139.2	20.59				
836	8/2/2018 22:55	3021.5	3143.4	20.59				
837	8/2/2018 23:25	3022	3147	20.6				
838	8/2/2018 23:55	3026.1	3150	20.6				
839	8/3/2018 0:25	3032.4	3153.6	20.6				
840	8/3/2018 0:55	3034.1	3157.2	20.61				
841	8/3/2018 1:25	3038.1	3159	20.61				
842	8/3/2018 1:55	3033.5	3160.8	20.62				
843	8/3/2018 2:25	3039.8	3162	20.62				
844	8/3/2018 2:55	3042.1	3163.3	20.62				
845	8/3/2018 3:25	3043.8	3164.5	20.62				
846	8/3/2018 3:55	3042.7	3163.9	20.62				
847	8/3/2018 4:25	3045	3163.9	20.63				
848	8/3/2018 4:55	3043.2	3163.3	20.63				
849	8/3/2018 5:25	3043.8	3162.6	20.63				
850	8/3/2018 5:55	3045	3162.6	20.63				
851	8/3/2018 6:25	3043.2	3161.4	20.63				
852	8/3/2018 6:55	3042.1	3160.8	20.63				
853	8/3/2018 7:25	3041	3160.2	20.63				
854	8/3/2018 7:55	3042.1	3160.8	20.63				
855	8/3/2018 8:25	3043.2	3160.8	20.63				
856	8/3/2018 8:55	3036.9	3159.6	20.63				
857	8/3/2018 9:25	3041	3160.2	20.63				
858	8/3/2018 9:55	3041	3159	20.63				
859	8/3/2018 10:25	3036.9	3157.8	20.63				
860	8/3/2018 10:55	3036.9	3157.8	20.63				
861	8/3/2018 11:25	3039.2	3158.4	20.63				
862	8/3/2018 11:55	3038.1	3157.8	20.64				
863	8/3/2018 12:25	3037.5	3156	20.63				
864	8/3/2018 12:55	3037.5	3155.4	20.63				
865	8/3/2018 13:25	3035.2	3155.4	20.63				
866	8/3/2018 13:55	3036.9	3154.2	20.63				
867	8/3/2018 14:25	3034.1	3153.6	20.63				
868	8/3/2018 14:55	3035.2	3153	20.63				
869	8/3/2018 15:25	3033.5	3151.2	20.63				
870	8/3/2018 15:55	3029.5	3148.8	20.63				
871	8/3/2018 16:25	3028.3	3147	20.63				
872	8/3/2018 16:55	3025.5	3146.4	20.63				
873	8/3/2018 17:25	3028.3	3147	20.63				
874	8/3/2018 17:55	3027.2	3149.4	20.62				
875	8/3/2018 18:25	3024.9	3150.6	20.62				
876	8/3/2018 18:55	3026.1	3150.6	20.62				
877	8/3/2018 19:25	3030.1	3151.8	20.62				
878	8/3/2018 19:55	3031.2	3152.4	20.62				
879	8/3/2018 20:25	3030.6	3151.8	20.62				
880	8/3/2018 20:55	3032.4	3153	20.62				
881	8/3/2018 21:25	3034.1	3153.6	20.63				
882	8/3/2018 21:55	3035.8	3154.2	20.63				
883	8/3/2018 22:25	3035.8	3155.4	20.62				
884	8/3/2018 22:55	3036.9	3155.4	20.63				
885	8/3/2018 23:25	3036.9	3156	20.63				
886	8/3/2018 23:55	3038.7	3156.6	20.63				
887	8/4/2018 0:25	3038.7	3157.8	20.63				
888	8/4/2018 0:55	3038.7	3158.4	20.63				
889	8/4/2018 1:25	3040.4	3158.4	20.63				
890	8/4/2018 1:55	3043.2	3158.4	20.64				
891	8/4/2018 2:25	3042.1	3159.6	20.64				
892	8/4/2018 2:55	3039.8	3159.6	20.64				
893	8/4/2018 3:25	3042.1	3160.2	20.64				
894	8/4/2018 3:55	3038.7	3159.6	20.64				
895	8/4/2018 4:25	3043.2	3160.8	20.64				
896	8/4/2018 4:55	3046.7	3160.8	20.63				
897	8/4/2018 5:25	3046.1	3161.4	20.64				
898	8/4/2018 5:55	3047.8	3162.6	20.64				
899	8/4/2018 6:25	3047.3	3159.6	20.64				
900	8/4/2018 6:55	3047.8	3160.8	20.64				
901	8/4/2018 7:25	3050.1	3162.6	20.66				
902	8/4/2018 7:55	3051.9	3163.9	20.64				
903	8/4/2018 8:25	3047.8	3163.9	20.66				
904	8/4/2018 8:55	3047.8	3164.5	20.66				
905	8/4/2018 9:25	3046.7	3164.5	20.66				
906	8/4/2018 9:55	3047.8	3163.3	20.64				
907	8/4/2018 10:25	3049	3163.3	20.64				
908	8/4/2018 10:55	3050.1	3162.6	20.66				
909	8/4/2018 11:25	3049.6	3160.8	20.66				
910	8/4/2018 11:55	3047.8	3160.2	20.66				
911	8/4/2018 12:25	3047.8	3160.8	20.64				
912	8/4/2018 12:55	3049	3162.6	20.64				
913	8/4/2018 13:25	3049.6	3162.6	20.64				
914	8/4/2018 13:55	3047.8	3160.8	20.64				
915	8/4/2018 14:25	3046.7	3160.2	20.66				
916	8/4/2018 14:55	3047.8	3160.2	20.64				
917	8/4/2018 15:25	3047.8	3160.2	20.66				
918	8/4/2018 15:55	3047.8	3159.6	20.66				
919	8/4/2018 16:25	3045	3157.8	20.66				
920	8/4/2018 16:55	3045	3158.4	20.66				
921	8/4/2018 17:25	3045	3158.4	20.67				
922	8/4/2018 17:55	3045	3158.4	20.66				
923	8/4/2018 18:25	3046.1	3157.8	20.67				
924	8/4/2018 18:55	3045	3157.8	20.67				
925	8/4/2018 19:25	3046.1	3157.8	20.67				
926	8/4/2018 19:55	3043.2	3157.8	20.67				
927	8/4/2018 20:25	3047.8	3158.4	20.68				
928	8/4/2018 20:55	3047.8	3159.6	20.68				
929	8/4/2018 21:25	3050.1	3160.2	20.69				
930	8/4/2018 21:55	3050.1	3161.4	20.69				
931	8/4/2018 22:25	3050.7	3161.4	20.69				
932	8/4/2018 22:55	3051.9	3162	20.69				
933	8/4/2018 23:25	3051.9	3162	20.69				
934	8/4/2018 23:55	3053	3163.9	20.7				
935	8/5/2018 0:25	3053	3164.5	20.7				
936	8/5/2018 0:55	3053	3165.7	20.7				
937	8/5/2018 1:25	3054.7	3167.5	20.71				
938	8/5/2018 1:55	3057.6	3168.1	20.71				
939	8/5/2018 2:25	3057.6	3168.7	20.71				
940	8/5/2018 2:55	3058.7	3169.9	20.72				
941	8/5/2018 3:25	3058.7	3171.1	20.72				
942	8/5/2018 3:55	3058.7	3171.7	20.72				
943	8/5/2018 4:25	3061.6	3172.3	20.74				
944	8/5/2018 4:55	3061.6	3172.9	20.74				
945	8/5/2018 5:25	3062.8	3174.7	20.74				
946	8/5/2018 5:55	3063.3	3174.7	20.74				
947	8/5/2018 6:25	3062.8	3174.7	20.75				
948	8/5/2018 6:55	3063.3	3175.3	20.75				
949	8/5/2018 7:25	3063.3	3175.9	20.75				
950	8/5/2018 7:55	3065.1	3176.5	20.75				
951	8/5/2018 8:25	3065.1	3176.5	20.75				
952	8/5/2018 8:55	3063.3	3175.9	20.75				
953	8/5/2018 9:25	3063.3	3176.5	20.75				
954	8/5/2018 9:55	3063.3	3175.3	20.75				
955	8/5/2018 10:25	3050.7	3174.7	20.75				
956	8/5/2018 10:55	3066.2	3175.9	20.75				
957	8/5/2018 11:25	3065.1	3175.3	20.75				
958	8/5/2018 11:55	3063.3	3174.7	20.75				
959	8/5/2018 12:25	3065.1	3175.3	20.75				
960	8/5/2018 12:55	3064.5	3175.3	20.75				
961	8/5/2018 13:25	3065.1	3175.9	20.76				
962	8/5/2018 13:55	3064.5	3175.9	20.76				
963	8/5/2018 14:25	3063.3	3175.3	20.76				
964	8/5/2018 14:55	3063.3	3174.7	20.75				
965	8/5/2018 15:25	3063.3	3174.1	20.75				
966	8/5/2018 15:55	3063.3	3173.5	20.76				
967	8/5/2018 16:25	3062.2	3173.5	20.75				
968	8/5/2018 16:55	3060.5	3173.5	20.76				
969	8/5/2018 17:25	3063.3	3174.1	20.76				
970	8/5/2018 17:55	3062.2	3174.7	20.76				
971	8/5/2018 18:25	3063.3	3174.7	20.76				
972	8/5/2018 18:55	3063.3	3174.7	20.76				
973	8/5/2018 19:25	3065.1	3175.3	20.77				
974	8/5/2018 19:55	3065.1	3175.3	20.77				
975	8/5/2018 20:25	3065.1	3175.9	20.78				
976	8/5/2018 20:55	3066.2	3176.5	20.78				
977	8/5/2018 21:25	3066.2	3177.7	20.78				
978	8/5/2018 21:55	3069.1	3178.9	20.78				
979	8/5/2018 22:25	3070.2	3180.1	20.78				
980	8/5/2018 22:55	3070.2	3180.7	20.81				
981	8/5/2018 23:25	3070.2	3181.3	20.81				
982	8/5/2018 23:55	3072	3182.5	20.81				
983	8/6/2018 0:25	3072	3183.1	20.82				
984	8/6/2018 0:55	3073.1	3183.7	20.82				
985	8/6/2018 1:25	3074.8	3185.5	20.83				
986	8/6/2018 1:55	3077.7	3187.3	20.83				
987	8/6/2018 2:25	3077.7	3187.9	20.84				
988	8/6/2018 2:55	3078.8	3187.9	20.84				
989	8/6/2018 3:25	3080.6	3190.3	20.84				
990	8/6/2018 3:55	3080.6	3191.5	20.86				
991	8/6/2018 4:25	3082.3	3192.2	20.85				
992	8/6/2018 4:55	3077.7	3192.2	20.86				
993	8/6/2018 5:25	3080	3188.5	20.86				
994	8/6/2018 5:55	3078.8	3187.9	20.88				
995	8/6/2018 6:25	3081.7	3189.7	20.88				
996	8/6/2018 6:55	3075.4	3190.9	20.88				
997	8/6/2018 7:25	3084.6	3192.8	20.89				
998	8/6/2018 7:55	3085.7	3193.4	20.88				
999	8/6/2018 8:25	3085.2	3193.4	20.89				
1000	8/6/2018 8:55	3085.7	3192.8	20.89				
1001	8/6/2018 9:25	3084.6	3194	20.89				
1002	8/6/2018 9:55	3086.3	3195.2	20.89				
1003	8/6/2018 10:25	3087.5	3195.2	20.89				
1004	8/6/2018 10:55	3088.6	3195.2	20.9				
1005	8/6/2018 11:25	3087.5	3195.2	20.9				
1006	8/6/2018 11:55	3090.4	3197.6	20.9				
1007	8/6/2018 12:25	3090.4	3197.6	20.9				
1008	8/6/2018 12:55	3090.4	3198.2	20.9				
1009	8/6/2018 13:25	3089.2	3198.2	20.9				
1010	8/6/2018 13:55	3090.4	3198.2	20.9				
1011	8/6/2018 14:25	3090.4	3198.2	20.91				
1012	8/6/2018 14:55	3089.2	3197	20.9				
1013	8/6/2018 15:25	3086.3	3195.8	20.91				
1014	8/6/2018 15:55	3086.3	3196.4	20.91				
1015	8/6/2018 16:25	3089.2	3198.2	20.91				
1016	8/6/2018 16:55	3090.4	3199.4	20.92				
1017	8/6/2018 17:25	3092.1	3202.4	20.92				
1018	8/6/2018 17:55	3095	3203	20.92				
1019	8/6/2018 18:25	3097.3	3204.2	20.93				
1020	8/6/2018 18:55	3096.7	3204.8	20.93				
1021	8/6/2018 19:25	3097.3	3204.8	20.93				
1022	8/6/2018 19:55	3099	3207.8	20.94				
1023	8/6/2018 20:25	3101.9	3209.6	20.94				
1024	8/6/2018 20:55	3107.6	3215	20.96				
1025	8/6/2018 21:25	3108.8	3217.5	20.96				
1026	8/6/2018 21:55	3111.7	3221.1	20.97				
1027	8/6/2018 22:25	3115.1	3223.5	20.97				
1028	8/6/2018 22:55	3117.4	3225.3	20.98				
1029	8/6/2018 23:25	3117.4	3226.5	20.98				
1030	8/6/2018 23:55	3118	3226.5	20.99				
1031	8/7/2018 0:25	3119.1	3228.3	21				
1032	8/7/2018 0:55	3118.6	3228.3	21				
1033	8/7/2018 1:25	3120.3	3227.7	21				
1034	8/7/2018 1:55	3117.4	3227.7	21				
1035	8/7/2018 2:25	3119.1	3226.5	21.01				
1036	8/7/2018 2:55	3117.4	3225.3	21.03				
1037	8/7/2018 3:25	3116.3	3225.3	21.03				
1038	8/7/2018 3:55	3116.3	3225.3	21.04				
1039	8/7/2018 4:25	3113.4	3224.7	21.04				
1040	8/7/2018 4:55	3116.3	3224.7	21.04				
1041	8/7/2018 5:25	3116.3	3225.3	21.06				
1042	8/7/2018 5:55	3116.3	3224.7	21.05				
1043	8/7/2018 6:25	3115.1	3224.7	21.06				
1044	8/7/2018 6:55	3118	3223.5	21.06				
1045	8/7/2018 7:25	3116.3	3222.9	21.07				
1046	8/7/2018 7:55	3117.4	3224.1	21.06				
1047	8/7/2018 8:25	3116.3	3222.9	21.07				
1048	8/7/2018 8:55	3115.7	3222.3	21.07				
1049	8/7/2018 9:25	3113.4	3222.3	21.08				
1050	8/7/2018 9:55	3115.1	3221.7	21.08				
1051	8/7/2018 10:25	3115.1	3221.7	21.08				
1052	8/7/2018 10:55	3115.7	3220.5	21.09				
1053	8/7/2018 11:25	3114.5	3219.9	21.09				
1054	8/7/2018 11:55	3114.5	3219.9	21.09				
1055	8/7/2018 12:25	3115.1	3218.1	21.11				
1056	8/7/2018 12:55	3111.7	3217.5	21.11				
1057	8/7/2018 13:25	3111.7	3216.9	21.11				
1058	8/7/2018 13:55	3111.7	3216.2	21.11				
1059	8/7/2018 14:25	3110.5	3215	21.11				
1060	8/7/2018 14:55	3110.5	3215	21.11				
1061	8/7/2018 15:25	3108.8	3213.2	21.12				
1062	8/7/2018 15:55	3108.8	3212.6	21.12				
1063	8/7/2018 16:25	3107.6	3211.4	21.12				
1064	8/7/2018 16:55	3107.6	3211.4	21.12				
1065	8/7/2018 17:25	3107.6	3210.8	21.13				
1066	8/7/2018 17:55	3107	3209.6	21.13				
1067	8/7/2018 18:25	3105.9	3209	21.13				
1068	8/7/2018 18:55	3104.7	3208.4	21.14				
1069	8/7/2018 19:25	3103.6	3206	21.14				
1070	8/7/2018 19:55	3103.6	3205.4	21.14				
1071	8/7/2018 20:25	3101.9	3204.8	21.15				
1072	8/7/2018 20:55	3101.9	3203.6	21.15				
1073	8/7/2018 21:25	3101.9	3204.8	21.16				
1074	8/7/2018 21:55	3101.9	3204.8	21.16				
1075	8/7/2018 22:25	3103.6	3205.4	21.18				
1076	8/7/2018 22:55	3100.7	3206	21.18				
1077	8/7/2018 23:25	3103.6	3205.4	21.19				
1078	8/7/2018 23:55	3104.7	3204.8	21.19				
1079	8/8/2018 0:25	3101.9	3204.8	21.2				
1080	8/8/2018 0:55	3101.9	3204.2	21.2				
1081	8/8/2018 1:25	3101.9	3204.2	21.21				
1082	8/8/2018 1:55	3100.7	3203	21.21				
1083	8/8/2018 2:25	3101.9	3203.6	21.22				
1084	8/8/2018 2:55	3103.6	3204.2	21.22				
1085	8/8/2018 3:25	3103.6	3204.2	21.23				
1086	8/8/2018 3:55	3101.9	3203	21.23				
1087	8/8/2018 4:25	3099	3201.2	21.25				
1088	8/8/2018 4:55	3097.8	3200	21.25				
1089	8/8/2018 5:25	3096.7	3197.6	21.25				
1090	8/8/2018 5:55	3095	3197	21.26				
1091	8/8/2018 6:25	3096.7	3196.4	21.26				
1092	8/8/2018 6:55	3096.7	3197	21.26				
1093	8/8/2018 7:25	3096.7	3197.6	21.27				
1094	8/8/2018 7:55	3096.1	3197.6	21.27				
1095	8/8/2018 8:25	3096.7	3197.6	21.27				
1096	8/8/2018 8:55	3095	3197.6	21.27				
1097	8/8/2018 9:25	3097.3	3197.6	21.27				
1098	8/8/2018 9:55	3097.8	3198.2	21.28				
1099	8/8/2018 10:25	3097.8	3198.2	21.28				
1100	8/8/2018 10:55	3096.7	3198.2	21.28				
1101	8/8/2018 11:25	3096.7	3197	21.28				
1102	8/8/2018 11:55	3087.5	3196.4	21.28				
1103	8/8/2018 12:25	3096.1	3195.8	21.28				
1104	8/8/2018 12:55	3096.1	3195.8	21.28				
1105	8/8/2018 13:25	3095	3194.6	21.28				
1106	8/8/2018 13:55	3095	3194	21.28				
1107	8/8/2018 14:25	3095	3195.2	21.28				
1108	8/8/2018 14:55	3095	3195.2	21.29				
1109	8/8/2018 15:25	3096.1	3195.8	21.28				
1110	8/8/2018 15:55	3097.8	3197	21.29				
1111	8/8/2018 16:25	3093.2	3195.2	21.29				
1112	8/8/2018 16:55	3095	3194	21.29				
1113	8/8/2018 17:25	3092.7	3193.4	21.29				
1114	8/8/2018 17:55	3093.8	3192.8	21.3				
1115	8/8/2018 18:25	3092.1	3192.8	21.3				
1116	8/8/2018 18:55	3093.2	3193.4	21.3				
1117	8/8/2018 19:25	3096.1	3195.2	21.31				
1118	8/8/2018 19:55	3095	3194	21.31				
1119	8/8/2018 20:25	3093.8	3193.4	21.33				
1120	8/8/2018 20:55	3095	3193.4	21.33				
1121	8/8/2018 21:25	3095	3192.8	21.33				
1122	8/8/2018 21:55	3093.2	3190.9	21.34				
1123	8/8/2018 22:25	3092.1	3190.9	21.34				
1124	8/8/2018 22:55	3093.2	3190.9	21.34				
1125	8/8/2018 23:25	3095	3192.2	21.35				
1126	8/8/2018 23:55	3093.8	3192.8	21.35				
1127	8/9/2018 0:25	3093.2	3193.4	21.36				
1128	8/9/2018 0:55	3095	3194	21.36				
1129	8/9/2018 1:25	3095	3194	21.36				
1130	8/9/2018 1:55	3097.8	3195.2	21.37				
1131	8/9/2018 2:25	3096.7	3197	21.37				
1132	8/9/2018 2:55	3097.8	3197.6	21.38				
1133	8/9/2018 3:25	3101.9	3201.2	21.38				
1134	8/9/2018 3:55	3104.7	3204.8	21.38				
1135	8/9/2018 4:25	3106.5	3205.4	21.4				
1136	8/9/2018 4:55	3106.5	3204.8	21.4				
1137	8/9/2018 5:25	3103.6	3202.4	21.41				
1138	8/9/2018 5:55	3104.7	3202.4	21.41				
1139	8/9/2018 6:25	3104.7	3203	21.41				
1140	8/9/2018 6:55	3104.7	3204.2	21.42				
1141	8/9/2018 7:25	3104.7	3204.8	21.43				
1142	8/9/2018 7:55	3107.6	3206	21.42				
1143	8/9/2018 8:25	3108.8	3207.8	21.43				
1144	8/9/2018 8:55	3111.7	3210.2	21.43				
1145	8/9/2018 9:25	3113.4	3212.6	21.43				
1146	8/9/2018 9:55	3115.1	3213.8	21.44				
1147	8/9/2018 10:25	3118	3215	21.44				
1148	8/9/2018 10:55	3116.3	3215.6	21.44				
1149	8/9/2018 10:57					Logged		
1150	8/9/2018 10:57						Logged	Logged
