Plot Title: MSLE								
#	"Date Time, GMT-04:00"	"Low Range, ?S/cm (LGR S/N: 20370967, SEN S/N: 20370967)"	"High Range, ?S/cm (LGR S/N: 20370967, SEN S/N: 20370967)"	"Temp, °C (LGR S/N: 20370967, SEN S/N: 20370967)"	Coupler Detached (LGR S/N: 20370967)	Coupler Attached (LGR S/N: 20370967)	Stopped (LGR S/N: 20370967)	End Of File (LGR S/N: 20370967)
1	7/9/2018 11:59	82.1	106.9	20.94				
2	7/9/2018 11:59				Logged			
3	7/9/2018 12:29	5384.9	5476.5	20.39				
4	7/9/2018 12:59	5322.4	5408.4	20.26				
5	7/9/2018 13:29	5307.2	5391.6	20.2				
6	7/9/2018 13:59	5297.9	5383.2	20.18				
7	7/9/2018 14:29	5293.3	5378	20.15				
8	7/9/2018 14:59	5289.3	5374.1	20.13				
9	7/9/2018 15:29	5283.4	5370.3	20.12				
10	7/9/2018 15:59	5279.4	5365.7	20.11				
11	7/9/2018 16:29	5276.1	5361.9	20.1				
12	7/9/2018 16:59	5275.4	5358	20.09				
13	7/9/2018 17:29	5271.5	5355.4	20.08				
14	7/9/2018 17:59	5269.5	5351.5	20.07				
15	7/9/2018 18:29	5265.5	5350.2	20.05				
16	7/9/2018 18:59	5265.5	5347	20.04				
17	7/9/2018 19:29	5261.6	5344.4	20.04				
18	7/9/2018 19:59	5264.2	5342.5	20.03				
19	7/9/2018 20:29	5257.6	5339.2	20.02				
20	7/9/2018 20:59	5257.6	5337.9	20.01				
21	7/9/2018 21:29	5256.3	5335.4	20.01				
22	7/9/2018 21:59	5253.7	5333.4	20				
23	7/9/2018 22:29	5256.3	5332.8	19.98				
24	7/9/2018 22:59	5253	5331.5	19.98				
25	7/9/2018 23:29	5252.3	5330.8	19.97				
26	7/9/2018 23:59	5252.3	5329.6	19.97				
27	7/10/2018 0:29	5248.4	5328.9	19.97				
28	7/10/2018 0:59	5255	5327	19.96				
29	7/10/2018 1:29	5251	5328.9	19.96				
30	7/10/2018 1:59	5251	5327	19.95				
31	7/10/2018 2:29	5251	5328.3	19.95				
32	7/10/2018 2:59	5256.3	5330.2	19.94				
33	7/10/2018 3:29	5256.3	5330.8	19.94				
34	7/10/2018 3:59	5255	5330.8	19.94				
35	7/10/2018 4:29	5255.6	5330.8	19.94				
36	7/10/2018 4:59	5257.6	5330.8	19.94				
37	7/10/2018 5:29	5257.6	5330.8	19.94				
38	7/10/2018 5:59	5257	5330.8	19.93				
39	7/10/2018 6:29	5256.3	5330.2	19.93				
40	7/10/2018 6:59	5256.3	5330.2	19.93				
41	7/10/2018 7:29	5256.3	5329.6	19.93				
42	7/10/2018 7:59	5255	5329.6	19.93				
43	7/10/2018 8:29	5255.6	5328.3	19.91				
44	7/10/2018 8:59	5254.3	5326.3	19.91				
45	7/10/2018 9:29	5257.6	5327.6	19.91				
46	7/10/2018 9:59	5254.3	5326.3	19.91				
47	7/10/2018 10:29	5253	5325.7	19.91				
48	7/10/2018 10:59	5256.3	5323.7	19.9				
49	7/10/2018 11:29	5255.6	5323.1	19.9				
50	7/10/2018 11:59	5255.6	5322.5	19.9				
51	7/10/2018 12:29	5251.7	5322.5	19.89				
52	7/10/2018 12:59	5251	5321.2	19.89				
53	7/10/2018 13:29	5251	5320.5	19.89				
54	7/10/2018 13:59	5250.4	5318.6	19.88				
55	7/10/2018 14:29	5249.7	5317.9	19.88				
56	7/10/2018 14:59	5252.3	5317.9	19.87				
57	7/10/2018 15:29	5249.7	5317.9	19.87				
58	7/10/2018 15:59	5251.7	5316.6	19.87				
59	7/10/2018 16:29	5251.7	5317.9	19.86				
60	7/10/2018 16:59	5251	5316.6	19.86				
61	7/10/2018 17:29	5251	5316.6	19.86				
62	7/10/2018 17:59	5250.4	5316	19.86				
63	7/10/2018 18:29	5250.4	5314.1	19.84				
64	7/10/2018 18:59	5250.4	5312.1	19.84				
65	7/10/2018 19:29	5249.7	5312.1	19.84				
66	7/10/2018 19:59	5249.7	5310.8	19.84				
67	7/10/2018 20:29	5246.4	5309.5	19.83				
68	7/10/2018 20:59	5245.1	5308.9	19.83				
69	7/10/2018 21:29	5245.1	5307	19.83				
70	7/10/2018 21:59	5245.1	5307.6	19.83				
71	7/10/2018 22:29	5244.4	5307	19.83				
72	7/10/2018 22:59	5247.7	5307	19.83				
73	7/10/2018 23:29	5243.8	5306.3	19.83				
74	7/10/2018 23:59	5243.8	5306.3	19.83				
75	7/11/2018 0:29	5243.8	5305	19.84				
76	7/11/2018 0:59	5245.7	5306.3	19.83				
77	7/11/2018 1:29	5245.1	5307	19.83				
78	7/11/2018 1:59	5248.4	5307	19.84				
79	7/11/2018 2:29	5248.4	5308.3	19.84				
80	7/11/2018 2:59	5252.3	5308.9	19.84				
81	7/11/2018 3:29	5251	5310.8	19.86				
82	7/11/2018 3:59	5254.3	5312.8	19.84				
83	7/11/2018 4:29	5259.6	5316.6	19.86				
84	7/11/2018 4:59	5260.3	5319.2	19.86				
85	7/11/2018 5:29	5262.2	5322.5	19.87				
86	7/11/2018 5:59	5264.9	5325	19.87				
87	7/11/2018 6:29	5268.2	5325.7	19.87				
88	7/11/2018 6:59	5268.2	5327	19.88				
89	7/11/2018 7:29	5270.2	5328.9	19.88				
90	7/11/2018 7:59	5273.5	5329.6	19.89				
91	7/11/2018 8:29	5273.5	5331.5	19.89				
92	7/11/2018 8:59	5276.8	5332.1	19.9				
93	7/11/2018 9:29	5275.4	5334.1	19.9				
94	7/11/2018 9:59	5279.4	5335.4	19.9				
95	7/11/2018 10:29	5278.8	5337.3	19.91				
96	7/11/2018 10:59	5282.1	5337.3	19.91				
97	7/11/2018 11:29	5280.7	5337.9	19.93				
98	7/11/2018 11:59	5283.4	5337.9	19.93				
99	7/11/2018 12:29	5283.4	5337.9	19.93				
100	7/11/2018 12:59	5283.4	5337.9	19.93				
101	7/11/2018 13:29	5279.4	5337.9	19.94				
102	7/11/2018 13:59	5282.7	5337.9	19.94				
103	7/11/2018 14:29	5282.7	5339.2	19.94				
104	7/11/2018 14:59	5282.7	5337.9	19.94				
105	7/11/2018 15:29	5282.1	5337.9	19.95				
106	7/11/2018 15:59	5282.1	5337.9	19.95				
107	7/11/2018 16:29	5282.1	5337.9	19.95				
108	7/11/2018 16:59	5282.1	5337.9	19.95				
109	7/11/2018 17:29	5284	5337.3	19.96				
110	7/11/2018 17:59	5284	5337.3	19.96				
111	7/11/2018 18:29	5284	5337.3	19.96				
112	7/11/2018 18:59	5280.1	5337.3	19.96				
113	7/11/2018 19:29	5280.1	5336.7	19.96				
114	7/11/2018 19:59	5284	5338.6	19.97				
115	7/11/2018 20:29	5282.7	5337.3	19.97				
116	7/11/2018 20:59	5282.7	5337.3	19.97				
117	7/11/2018 21:29	5282.7	5337.3	19.98				
118	7/11/2018 21:59	5282.1	5336	19.98				
119	7/11/2018 22:29	5282.7	5337.3	20				
120	7/11/2018 22:59	5282.1	5336.7	19.98				
121	7/11/2018 23:29	5284.7	5336.7	20				
122	7/11/2018 23:59	5281.4	5336	20				
123	7/12/2018 0:29	5282.1	5336	20.01				
124	7/12/2018 0:59	5284	5336.7	20.01				
125	7/12/2018 1:29	5284	5337.3	20.02				
126	7/12/2018 1:59	5284.7	5337.3	20.02				
127	7/12/2018 2:29	5284	5337.3	20.02				
128	7/12/2018 2:59	5284	5339.2	20.03				
129	7/12/2018 3:29	5287.4	5340.5	20.03				
130	7/12/2018 3:59	5286.7	5341.2	20.04				
131	7/12/2018 4:29	5289.3	5343.8	20.04				
132	7/12/2018 4:59	5292	5345.7	20.05				
133	7/12/2018 5:29	5308.5	5362.5	20.05				
134	7/12/2018 5:59	5321.1	5374.8	20.07				
135	7/12/2018 6:29	5323.8	5380	20.08				
136	7/12/2018 6:59	5330.4	5383.8	20.08				
137	7/12/2018 7:29	5330.4	5387.7	20.09				
138	7/12/2018 7:59	5333.1	5388.4	20.1				
139	7/12/2018 8:29	5333.1	5386.4	20.1				
140	7/12/2018 8:59	5330.4	5383.8	20.11				
141	7/12/2018 9:29	5330.4	5381.9	20.11				
142	7/12/2018 9:59	5330.4	5381.9	20.12				
143	7/12/2018 10:29	5326.4	5381.9	20.12				
144	7/12/2018 10:59	5326.4	5381.3	20.12				
145	7/12/2018 11:29	5326.4	5380	20.12				
146	7/12/2018 11:59	5326.4	5380	20.12				
147	7/12/2018 12:29	5326.4	5380	20.12				
148	7/12/2018 12:59	5326.4	5379.3	20.12				
149	7/12/2018 13:29	5325.8	5379.3	20.12				
150	7/12/2018 13:59	5325.8	5379.3	20.13				
151	7/12/2018 14:29	5326.4	5379.3	20.13				
152	7/12/2018 14:59	5325.8	5379.3	20.13				
153	7/12/2018 15:29	5326.4	5380	20.12				
154	7/12/2018 15:59	5325.8	5379.3	20.12				
155	7/12/2018 16:29	5325.8	5379.3	20.12				
156	7/12/2018 16:59	5325.1	5378.7	20.12				
157	7/12/2018 17:29	5325.1	5377.4	20.12				
158	7/12/2018 17:59	5325.1	5376.7	20.12				
159	7/12/2018 18:29	5321.8	5375.4	20.12				
160	7/12/2018 18:59	5321.8	5374.8	20.12				
161	7/12/2018 19:29	5321.8	5372.8	20.11				
162	7/12/2018 19:59	5318.5	5372.2	20.11				
163	7/12/2018 20:29	5317.8	5370.3	20.11				
164	7/12/2018 20:59	5317.8	5368.3	20.11				
165	7/12/2018 21:29	5315.2	5367.7	20.12				
166	7/12/2018 21:59	5311.8	5364.4	20.11				
167	7/12/2018 22:29	5311.8	5363.8	20.12				
168	7/12/2018 22:59	5308.5	5361.9	20.11				
169	7/12/2018 23:29	5307.9	5359.3	20.12				
170	7/12/2018 23:59	5305.9	5358	20.12				
171	7/13/2018 0:29	5307.2	5359.3	20.12				
172	7/13/2018 0:59	5305.2	5356.7	20.12				
173	7/13/2018 1:29	5307.2	5359.3	20.12				
174	7/13/2018 1:59	5307.2	5359.3	20.13				
175	7/13/2018 2:29	5307.2	5359.9	20.12				
176	7/13/2018 2:59	5309.9	5359.9	20.12				
177	7/13/2018 3:29	5404.2	5455.7	20.17				
178	7/13/2018 3:59	5884.2	5955.9	20.41				
179	7/13/2018 4:29	5808.9	5880	20.15				
180	7/13/2018 4:59	5785	5852.4	20.1				
181	7/13/2018 5:29	5770.7	5835.3	20.12				
182	7/13/2018 5:59	5763.9	5831.3	20.15				
183	7/13/2018 6:29	5774.1	5837.9	20.19				
184	7/13/2018 6:59	5776.8	5839.9	20.2				
185	7/13/2018 7:29	5778.9	5839.2	20.22				
186	7/13/2018 7:59	5778.9	5839.2	20.23				
187	7/13/2018 8:29	5778.2	5837.9	20.23				
188	7/13/2018 8:59	5778.9	5837.9	20.24				
189	7/13/2018 9:29	5780.2	5839.2	20.25				
190	7/13/2018 9:59	5779.6	5839.2	20.25				
191	7/13/2018 10:29	5779.6	5838.5	20.25				
192	7/13/2018 10:59	5781.6	5839.9	20.25				
193	7/13/2018 11:29	5780.9	5839.9	20.24				
194	7/13/2018 11:59	5780.9	5839.9	20.25				
195	7/13/2018 12:29	5784.3	5840.5	20.25				
196	7/13/2018 12:59	5783	5841.8	20.25				
197	7/13/2018 13:29	5785.7	5841.8	20.25				
198	7/13/2018 13:59	5785.7	5842.5	20.25				
199	7/13/2018 14:29	5787.7	5843.8	20.25				
200	7/13/2018 14:59	5785.7	5843.8	20.26				
201	7/13/2018 15:29	5784.3	5842.5	20.26				
202	7/13/2018 15:59	5787.7	5842.5	20.26				
203	7/13/2018 16:29	5783.6	5843.8	20.26				
204	7/13/2018 16:59	5787.1	5842.5	20.26				
205	7/13/2018 17:29	5787.1	5843.8	20.26				
206	7/13/2018 17:59	5789.1	5842.5	20.26				
207	7/13/2018 18:29	5785.7	5843.8	20.26				
208	7/13/2018 18:59	5788.4	5842.5	20.26				
209	7/13/2018 19:29	5788.4	5842.5	20.26				
210	7/13/2018 19:59	5785.7	5844.5	20.26				
211	7/13/2018 20:29	5789.1	5843.8	20.26				
212	7/13/2018 20:59	5788.4	5843.8	20.26				
213	7/13/2018 21:29	5785	5843.8	20.26				
214	7/13/2018 21:59	5789.1	5842.5	20.26				
215	7/13/2018 22:29	5787.1	5842.5	20.27				
216	7/13/2018 22:59	5788.4	5843.8	20.27				
217	7/13/2018 23:29	5787.1	5844.5	20.27				
218	7/13/2018 23:59	5787.1	5843.8	20.27				
219	7/14/2018 0:29	5787.1	5844.5	20.27				
220	7/14/2018 0:59	5789.8	5844.5	20.27				
221	7/14/2018 1:29	5789.8	5844.5	20.27				
222	7/14/2018 1:59	5789.8	5844.5	20.27				
223	7/14/2018 2:29	5789.8	5844.5	20.27				
224	7/14/2018 2:59	5789.8	5845.8	20.27				
225	7/14/2018 3:29	5789.8	5844.5	20.27				
226	7/14/2018 3:59	5793.2	5845.8	20.29				
227	7/14/2018 4:29	5789.8	5845.8	20.29				
228	7/14/2018 4:59	5791.1	5845.8	20.27				
229	7/14/2018 5:29	5971.6	6033.4	20.42				
230	7/14/2018 5:59	5926.8	5987.7	20.33				
231	7/14/2018 6:29	5904.1	5966.5	20.32				
232	7/14/2018 6:59	5901.4	5961.9	20.32				
233	7/14/2018 7:29	5900.7	5959.9	20.31				
234	7/14/2018 7:59	5891.1	5952	20.31				
235	7/14/2018 8:29	5884.2	5944.7	20.31				
236	7/14/2018 8:59	5886.2	5944	20.32				
237	7/14/2018 9:29	5884.9	5942.1	20.31				
238	7/14/2018 9:59	5880.8	5940.1	20.32				
239	7/14/2018 10:29	5884.2	5938.1	20.32				
240	7/14/2018 10:59	5880.8	5938.8	20.32				
241	7/14/2018 11:29	5881.4	5938.1	20.32				
242	7/14/2018 11:59	5881.4	5936.8	20.31				
243	7/14/2018 12:29	5878	5936.8	20.31				
244	7/14/2018 12:59	5882.8	5936.8	20.3				
245	7/14/2018 13:29	5881.4	5936.1	20.31				
246	7/14/2018 13:59	5881.4	5936.1	20.3				
247	7/14/2018 14:29	5881.4	5936.1	20.3				
248	7/14/2018 14:59	5877.3	5934.8	20.3				
249	7/14/2018 15:29	5880.8	5934.8	20.29				
250	7/14/2018 15:59	5877.3	5934.8	20.29				
251	7/14/2018 16:29	5880.8	5934.1	20.29				
252	7/14/2018 16:59	5876	5932.8	20.29				
253	7/14/2018 17:29	5873.2	5932.2	20.27				
254	7/14/2018 17:59	5877.3	5930.8	20.27				
255	7/14/2018 18:29	5876	5930.8	20.26				
256	7/14/2018 18:59	5872.5	5930.2	20.26				
257	7/14/2018 19:29	5872.5	5928.9	20.26				
258	7/14/2018 19:59	5871.2	5928.9	20.26				
259	7/14/2018 20:29	5867.7	5926.9	20.25				
260	7/14/2018 20:59	5872.5	5926.9	20.25				
261	7/14/2018 21:29	5871.2	5926.2	20.24				
262	7/14/2018 21:59	5870.5	5926.2	20.24				
263	7/14/2018 22:29	5870.5	5924.9	20.24				
264	7/14/2018 22:59	5870.5	5924.2	20.24				
265	7/14/2018 23:29	5869.1	5922.2	20.24				
266	7/14/2018 23:59	5866.4	5922.2	20.24				
267	7/15/2018 0:29	5867.7	5922.2	20.24				
268	7/15/2018 0:59	5865.7	5922.2	20.23				
269	7/15/2018 1:29	5866.4	5920.9	20.23				
270	7/15/2018 1:59	5866.4	5920.9	20.23				
271	7/15/2018 2:29	5865.7	5920.9	20.23				
272	7/15/2018 2:59	5865.7	5920.3	20.23				
273	7/15/2018 3:29	5865.7	5918.9	20.23				
274	7/15/2018 3:59	5865.7	5918.9	20.23				
275	7/15/2018 4:29	5865.7	5917	20.23				
276	7/15/2018 4:59	5864.3	5918.3	20.23				
277	7/15/2018 5:29	5860.9	5917.6	20.23				
278	7/15/2018 5:59	5872.5	5927.5	20.22				
279	7/15/2018 6:29	5952.3	6014.8	20.22				
280	7/15/2018 6:59	5955.7	6017.5	20.19				
281	7/15/2018 7:29	5955.7	6013.5	20.23				
282	7/15/2018 7:59	5957.1	6015.5	20.24				
283	7/15/2018 8:29	5952.3	6008.9	20.25				
284	7/15/2018 8:59	5947.4	6002.3	20.26				
285	7/15/2018 9:29	5942.6	6000.3	20.26				
286	7/15/2018 9:59	5941.2	5998.9	20.26				
287	7/15/2018 10:29	5942.6	6000.9	20.27				
288	7/15/2018 10:59	5946.1	6002.3	20.27				
289	7/15/2018 11:29	5945.4	6000.9	20.29				
290	7/15/2018 11:59	5946.1	6002.3	20.29				
291	7/15/2018 12:29	5945.4	6000.9	20.29				
292	7/15/2018 12:59	5944	6000.9	20.29				
293	7/15/2018 13:29	5948.8	6002.3	20.29				
294	7/15/2018 13:59	5945.4	6002.9	20.3				
295	7/15/2018 14:29	5948.8	6004.2	20.3				
296	7/15/2018 14:59	5946.1	6004.9	20.3				
297	7/15/2018 15:29	5945.4	6004.9	20.3				
298	7/15/2018 15:59	5947.4	6004.2	20.3				
299	7/15/2018 16:29	5948.8	6002.9	20.3				
300	7/15/2018 16:59	5947.4	6002.3	20.3				
301	7/15/2018 17:29	5947.4	6002.3	20.3				
302	7/15/2018 17:59	5944	6000.9	20.3				
303	7/15/2018 18:29	5947.4	6000.9	20.3				
304	7/15/2018 18:59	5947.4	6002.3	20.3				
305	7/15/2018 19:29	5944	6000.3	20.29				
306	7/15/2018 19:59	5947.4	6000.3	20.3				
307	7/15/2018 20:29	5942.6	6000.3	20.3				
308	7/15/2018 20:59	5946.7	6000.3	20.3				
309	7/15/2018 21:29	5942.6	5998.9	20.3				
310	7/15/2018 21:59	5942.6	5998.3	20.3				
311	7/15/2018 22:29	5942.6	5998.9	20.31				
312	7/15/2018 22:59	5941.9	5998.9	20.3				
313	7/15/2018 23:29	5941.9	5998.3	20.31				
314	7/15/2018 23:59	5941.9	5998.3	20.3				
315	7/16/2018 0:29	5942.6	5998.3	20.31				
316	7/16/2018 0:59	5940.5	5997	20.31				
317	7/16/2018 1:29	5944	5998.3	20.31				
318	7/16/2018 1:59	5940.5	5998.9	20.31				
319	7/16/2018 2:29	5941.9	5997	20.31				
320	7/16/2018 2:59	5945.4	5997	20.32				
321	7/16/2018 3:29	5941.9	5997	20.31				
322	7/16/2018 3:59	5940.5	5997	20.31				
323	7/16/2018 4:29	5944	5997	20.32				
324	7/16/2018 4:59	5940.5	5997	20.32				
325	7/16/2018 5:29	5939.2	5997	20.32				
326	7/16/2018 5:59	5940.5	5995.6	20.32				
327	7/16/2018 6:29	5939.2	5995	20.33				
328	7/16/2018 6:59	5939.2	5995.6	20.32				
329	7/16/2018 7:29	5956.4	6008.9	20.34				
330	7/16/2018 7:59	6060.8	6120.4	20.4				
331	7/16/2018 8:29	6046.2	6107.1	20.38				
332	7/16/2018 8:59	6036.5	6098.5	20.38				
333	7/16/2018 9:29	6030.3	6089.8	20.38				
334	7/16/2018 9:59	6026.8	6085.8	20.38				
335	7/16/2018 10:29	6026.8	6085.2	20.39				
336	7/16/2018 10:59	6025.5	6087.2	20.4				
337	7/16/2018 11:29	6028.9	6085.2	20.4				
338	7/16/2018 11:32					Logged		
339	7/16/2018 11:32						Logged	Logged
1	7/16/2018 11:59	6006.1	6069.9	20.71	Logged			
2	7/16/2018 12:29	5953.6	6014.8	20.55				
3	7/16/2018 12:59	5939.2	6000.3	20.49				
4	7/16/2018 13:29	5934.4	5995	20.46				
5	7/16/2018 13:59	5930.9	5991	20.45				
6	7/16/2018 14:29	5926.1	5987	20.45				
7	7/16/2018 14:59	5924.7	5985	20.44				
8	7/16/2018 15:29	5926.1	5985	20.44				
9	7/16/2018 15:59	5921.3	5984.4	20.44				
10	7/16/2018 16:29	5926.1	5983.1	20.44				
11	7/16/2018 16:59	5921.3	5981.7	20.44				
12	7/16/2018 17:29	5924.7	5981.7	20.45				
13	7/16/2018 17:59	5921.3	5981.1	20.44				
14	7/16/2018 18:29	5919.2	5979.1	20.44				
15	7/16/2018 18:59	5919.2	5979.7	20.44				
16	7/16/2018 19:29	5924	5979.7	20.45				
17	7/16/2018 19:59	5919.9	5979.7	20.45				
18	7/16/2018 20:29	5924	5982.4	20.45				
19	7/16/2018 20:59	5928.8	5987	20.42				
20	7/16/2018 21:29	6001.9	6058.6	20.41				
21	7/16/2018 21:59	6042.8	6101.8	20.42				
22	7/16/2018 22:29	6049.7	6109.1	20.45				
23	7/16/2018 22:59	6055.9	6112.4	20.47				
24	7/16/2018 23:29	6054.5	6114.4	20.48				
25	7/16/2018 23:59	6057.3	6113.8	20.48				
26	7/17/2018 0:29	6058.7	6115.1	20.49				
27	7/17/2018 0:59	6060.8	6115.8	20.49				
28	7/17/2018 1:29	6058.7	6117.1	20.51				
29	7/17/2018 1:59	6058.7	6117.1	20.52				
30	7/17/2018 2:29	6057.3	6118.4	20.53				
31	7/17/2018 2:59	6062.2	6118.4	20.53				
32	7/17/2018 3:29	6062.2	6119.1	20.54				
33	7/17/2018 3:59	6060.8	6119.1	20.54				
34	7/17/2018 4:29	6060.8	6119.8	20.55				
35	7/17/2018 4:59	6062.2	6119.8	20.55				
36	7/17/2018 5:29	6062.2	6119.8	20.56				
37	7/17/2018 5:59	6068.4	6121.1	20.56				
38	7/17/2018 6:29	6064.9	6121.1	20.58				
39	7/17/2018 6:59	6066.3	6121.7	20.58				
40	7/17/2018 7:29	6064.9	6121.7	20.53				
41	7/17/2018 7:59	6237.2	6291.3	20.48				
42	7/17/2018 8:29	6249.1	6305.4	20.47				
43	7/17/2018 8:59	6247.7	6304.1	20.54				
44	7/17/2018 9:29	6244.2	6303.4	20.58				
45	7/17/2018 9:59	6247.7	6304.1	20.61				
46	7/17/2018 10:29	6244.9	6300.7	20.62				
47	7/17/2018 10:59	6241.4	6300.1	20.63				
48	7/17/2018 11:29	6240	6300.1	20.65				
49	7/17/2018 11:59	6243.5	6299.4	20.66				
50	7/17/2018 12:29	6243.5	6300.7	20.67				
51	7/17/2018 12:59	6244.9	6300.7	20.68				
52	7/17/2018 13:29	6247.7	6301.4	20.69				
53	7/17/2018 13:59	6246.3	6302.1	20.7				
54	7/17/2018 14:29	6247.7	6304.1	20.7				
55	7/17/2018 14:59	6247.7	6303.4	20.71				
56	7/17/2018 15:29	6249.1	6304.8	20.73				
57	7/17/2018 15:59	6249.8	6302.7	20.71				
58	7/17/2018 16:29	6329.3	6393.4	20.81				
59	7/17/2018 16:59	6329.3	6391.4	20.8				
60	7/17/2018 17:29	6320.8	6380	20.77				
61	7/17/2018 17:59	6305.3	6366.5	20.77				
62	7/17/2018 18:29	6299.7	6361.8	20.76				
63	7/17/2018 18:59	6303.9	6361.8	20.77				
64	7/17/2018 19:29	6299.7	6361.1	20.76				
65	7/17/2018 19:59	6305.3	6361.8	20.77				
66	7/17/2018 20:29	6303.9	6361.1	20.77				
67	7/17/2018 20:59	6302.5	6361.8	20.78				
68	7/17/2018 21:29	6302.5	6363.1	20.78				
69	7/17/2018 21:59	6302.5	6361.8	20.78				
70	7/17/2018 22:29	6306.8	6363.1	20.78				
71	7/17/2018 22:59	6302.5	6363.1	20.8				
72	7/17/2018 23:29	6306.8	6361.8	20.8				
73	7/17/2018 23:59	6306.8	6363.8	20.81				
74	7/18/2018 0:29	6305.3	6363.8	20.82				
75	7/18/2018 0:59	6306.8	6365.2	20.83				
76	7/18/2018 1:29	6308.9	6365.2	20.83				
77	7/18/2018 1:59	6306.8	6367.2	20.84				
78	7/18/2018 2:29	6308.2	6365.8	20.84				
79	7/18/2018 2:59	6310.3	6367.9	20.85				
80	7/18/2018 3:29	6308.9	6367.9	20.85				
81	7/18/2018 3:59	6306.8	6367.9	20.88				
82	7/18/2018 4:29	6308.9	6367.9	20.88				
83	7/18/2018 4:59	6310.3	6367.9	20.89				
84	7/18/2018 5:29	6314.5	6367.2	20.89				
85	7/18/2018 5:59	6308.9	6366.5	20.9				
86	7/18/2018 6:29	6313.1	6366.5	20.91				
87	7/18/2018 6:59	6311.7	6367.9	20.91				
88	7/18/2018 7:29	6311.7	6369.2	20.92				
89	7/18/2018 7:59	6311.7	6367.9	20.92				
90	7/18/2018 8:29	6315.2	6369.9	20.94				
91	7/18/2018 8:59	6315.2	6368.5	20.94				
92	7/18/2018 9:29	6315.2	6370.5	20.94				
93	7/18/2018 9:59	6311.7	6369.9	20.95				
94	7/18/2018 10:29	6313.8	6368.5	20.95				
95	7/18/2018 10:59	6310.3	6366.5	20.95				
96	7/18/2018 11:29	6310.3	6366.5	20.96				
97	7/18/2018 11:59	6310.3	6365.8	20.95				
98	7/18/2018 12:29	6308.9	6363.1	20.95				
99	7/18/2018 12:59	6308.9	6364.5	20.95				
100	7/18/2018 13:29	6308.9	6363.1	20.95				
101	7/18/2018 13:59	6310.3	6364.5	20.96				
102	7/18/2018 14:29	6308.9	6365.8	20.95				
103	7/18/2018 14:59	6303.2	6362.5	20.95				
104	7/18/2018 15:29	6304.6	6361.1	20.95				
105	7/18/2018 15:59	6300.4	6358.4	20.95				
106	7/18/2018 16:29	6303.2	6357.1	20.95				
107	7/18/2018 16:59	6300.4	6356.4	20.95				
108	7/18/2018 17:29	6296.9	6353.7	20.95				
109	7/18/2018 17:59	6299	6353.7	20.94				
110	7/18/2018 18:29	6295.5	6351.7	20.94				
111	7/18/2018 18:59	6295.5	6349.7	20.94				
112	7/18/2018 19:29	6295.5	6349.7	20.94				
113	7/18/2018 19:59	6294.1	6347.7	20.92				
114	7/18/2018 20:29	6295.5	6349	20.92				
115	7/18/2018 20:59	6294.1	6347	20.92				
116	7/18/2018 21:29	6292.7	6345.7	20.94				
117	7/18/2018 21:59	6288.5	6344.3	20.92				
118	7/18/2018 22:29	6289.9	6343.7	20.92				
119	7/18/2018 22:59	6288.5	6342.3	20.91				
120	7/18/2018 23:29	6288.5	6341.7	20.91				
121	7/18/2018 23:59	6287.1	6339.6	20.91				
122	7/19/2018 0:29	6284.9	6339.6	20.91				
123	7/19/2018 0:59	6280.7	6334.9	20.91				
124	7/19/2018 1:29	6283.5	6338.3	20.9				
125	7/19/2018 1:59	6284.9	6337	20.9				
126	7/19/2018 2:29	6283.5	6337	20.9				
127	7/19/2018 2:59	6280.7	6336.3	20.9				
128	7/19/2018 3:29	6283.5	6334.9	20.9				
129	7/19/2018 3:59	6279.3	6334.9	20.9				
130	7/19/2018 4:29	6277.2	6330.2	20.89				
131	7/19/2018 4:59	6279.3	6332.9	20.89				
132	7/19/2018 5:29	6277.9	6332.9	20.89				
133	7/19/2018 5:59	6277.9	6330.9	20.89				
134	7/19/2018 6:29	6275.8	6332.3	20.89				
135	7/19/2018 6:59	6274.4	6329.6	20.88				
136	7/19/2018 7:29	6274.4	6328.9	20.89				
137	7/19/2018 7:59	6274.4	6328.9	20.88				
138	7/19/2018 8:29	6276.5	6328.9	20.88				
139	7/19/2018 8:59	6273	6327.6	20.88				
140	7/19/2018 9:29	6273	6326.9	20.87				
141	7/19/2018 9:59	6265.3	6321.5	20.87				
142	7/19/2018 10:29	6270.2	6324.9	20.87				
143	7/19/2018 10:59	6268.8	6323.5	20.85				
144	7/19/2018 11:29	6273	6322.9	20.85				
145	7/19/2018 11:59	6268.8	6321.5	20.85				
146	7/19/2018 12:29	6267.4	6320.2	20.84				
147	7/19/2018 12:59	6267.4	6318.2	20.84				
148	7/19/2018 13:29	6262.5	6318.2	20.84				
149	7/19/2018 13:59	6262.5	6315.5	20.84				
150	7/19/2018 14:29	6262.5	6314.1	20.83				
151	7/19/2018 14:59	6259.7	6313.5	20.83				
152	7/19/2018 15:29	6258.2	6310.1	20.82				
153	7/19/2018 15:59	6258.2	6308.8	20.81				
154	7/19/2018 16:29	6254.7	6306.1	20.81				
155	7/19/2018 16:59	6253.3	6306.1	20.8				
156	7/19/2018 17:29	6253.3	6302.7	20.8				
157	7/19/2018 17:59	6250.5	6302.7	20.78				
158	7/19/2018 18:29	6249.1	6300.7	20.77				
159	7/19/2018 18:59	6244.2	6298.7	20.77				
160	7/19/2018 19:29	6244.2	6296.7	20.77				
161	7/19/2018 19:59	6242.8	6295.4	20.76				
162	7/19/2018 20:29	6242.8	6292.7	20.75				
163	7/19/2018 20:59	6238.6	6292	20.75				
164	7/19/2018 21:29	6240	6291.3	20.74				
165	7/19/2018 21:59	6238.6	6289.3	20.73				
166	7/19/2018 22:29	6233.7	6288	20.73				
167	7/19/2018 22:59	6235.1	6286	20.73				
168	7/19/2018 23:29	6233.7	6284	20.71				
169	7/19/2018 23:59	6233.7	6284	20.71				
170	7/20/2018 0:29	6229.5	6283.3	20.71				
171	7/20/2018 0:59	6229.5	6281.3	20.71				
172	7/20/2018 1:29	6228.1	6278.6	20.71				
173	7/20/2018 1:59	6226	6276.6	20.71				
174	7/20/2018 2:29	6224.6	6275.9	20.71				
175	7/20/2018 2:59	6220.4	6272.6	20.71				
176	7/20/2018 3:29	6219.7	6269.9	20.71				
177	7/20/2018 3:59	6219.7	6268.6	20.7				
178	7/20/2018 4:29	6215.5	6266.6	20.7				
179	7/20/2018 4:59	6210.6	6264.6	20.7				
180	7/20/2018 5:29	6212	6263.2	20.7				
181	7/20/2018 5:59	6210.6	6261.2	20.69				
182	7/20/2018 6:29	6210.6	6259.2	20.69				
183	7/20/2018 6:59	6210.6	6257.2	20.69				
184	7/20/2018 7:29	6205	6255.9	20.69				
185	7/20/2018 7:59	6205	6254.5	20.68				
186	7/20/2018 8:29	6200.1	6253.2	20.68				
187	7/20/2018 8:59	6201.5	6251.2	20.68				
188	7/20/2018 9:29	6197.3	6249.8	20.67				
189	7/20/2018 9:59	6196.6	6247.8	20.67				
190	7/20/2018 10:29	6195.2	6247.2	20.67				
191	7/20/2018 10:59	6192.4	6245.2	20.66				
192	7/20/2018 11:29	6192.4	6243.2	20.66				
193	7/20/2018 11:59	6192.4	6241.8	20.65				
194	7/20/2018 12:29	6187.5	6239.8	20.65				
195	7/20/2018 12:59	6183.3	6235.8	20.65				
196	7/20/2018 13:29	6179.8	6231.8	20.63				
197	7/20/2018 13:59	6177	6227.1	20.63				
198	7/20/2018 14:29	6169.3	6223.1	20.62				
199	7/20/2018 14:59	6169.3	6219.1	20.62				
200	7/20/2018 15:29	6165.8	6214.4	20.62				
201	7/20/2018 15:59	6156.8	6209.1	20.61				
202	7/20/2018 16:29	6156.8	6205.1	20.6				
203	7/20/2018 16:59	6149.1	6201.1	20.6				
204	7/20/2018 17:29	6145.6	6195.7	20.59				
205	7/20/2018 17:59	6144.2	6191.7	20.59				
206	7/20/2018 18:29	6135.2	6185.7	20.59				
207	7/20/2018 18:59	6131.7	6181.7	20.58				
208	7/20/2018 19:29	6128.2	6176.4	20.58				
209	7/20/2018 19:59	6122.6	6172.4	20.58				
210	7/20/2018 20:29	6119.1	6168.4	20.56				
211	7/20/2018 20:59	6115.7	6164.4	20.56				
212	7/20/2018 21:29	6108	6160.4	20.56				
213	7/20/2018 21:59	6108	6158.4	20.55				
214	7/20/2018 22:29	6106.6	6155	20.55				
215	7/20/2018 22:59	6106.6	6156.4	20.54				
216	7/20/2018 23:29	6098.3	6149	20.55				
217	7/20/2018 23:59	6089.2	6141.7	20.55				
218	7/21/2018 0:29	6078.1	6129.7	20.55				
219	7/21/2018 0:59	6065.6	6117.1	20.55				
220	7/21/2018 1:29	6052.5	6099.8	20.55				
221	7/21/2018 1:59	6034.5	6084.5	20.55				
222	7/21/2018 2:29	6022	6067.9	20.56				
223	7/21/2018 2:59	6006.1	6056	20.55				
224	7/21/2018 3:29	5997.8	6046	20.56				
225	7/21/2018 3:59	5985.4	6034.7	20.56				
226	7/21/2018 4:29	5975	6026.1	20.56				
227	7/21/2018 4:59	5964	6016.2	20.56				
228	7/21/2018 5:29	5954.3	6006.9	20.56				
229	7/21/2018 5:59	5946.1	5998.9	20.56				
230	7/21/2018 6:29	5941.2	5991	20.56				
231	7/21/2018 6:59	5934.4	5983.1	20.56				
232	7/21/2018 7:29	5926.1	5976.4	20.56				
233	7/21/2018 7:59	5922.7	5969.2	20.56				
234	7/21/2018 8:29	5911	5963.2	20.55				
235	7/21/2018 8:59	5911	5959.9	20.55				
236	7/21/2018 9:29	5902.7	5954	20.56				
237	7/21/2018 9:59	5899.3	5948.7	20.55				
238	7/21/2018 10:29	5894.5	5946.7	20.56				
239	7/21/2018 10:59	5891.1	5944	20.56				
240	7/21/2018 11:29	5894.5	5942.7	20.56				
241	7/21/2018 11:59	5889.7	5938.8	20.56				
242	7/21/2018 12:29	5886.2	5936.1	20.56				
243	7/21/2018 12:59	5881.4	5934.1	20.55				
244	7/21/2018 13:29	5879.4	5930.8	20.56				
245	7/21/2018 13:59	5879.4	5932.2	20.56				
246	7/21/2018 14:29	5882.8	5934.1	20.55				
247	7/21/2018 14:59	5887.6	5938.1	20.55				
248	7/21/2018 15:29	5893.1	5942.7	20.55				
249	7/21/2018 15:59	5894.5	5946.7	20.54				
250	7/21/2018 16:29	5902.7	5952	20.53				
251	7/21/2018 16:59	5906.2	5959.2	20.53				
252	7/21/2018 17:29	5914.4	5964.5	20.53				
253	7/21/2018 17:59	5917.8	5971.1	20.52				
254	7/21/2018 18:29	5924.7	5974.5	20.52				
255	7/21/2018 18:59	5928.8	5979.1	20.52				
256	7/21/2018 19:29	5933	5983.1	20.51				
257	7/21/2018 19:59	5937.1	5987	20.51				
258	7/21/2018 20:29	5940.5	5992.3	20.49				
259	7/21/2018 20:59	5949.5	5997	20.48				
260	7/21/2018 21:29	5952.3	6002.9	20.48				
261	7/21/2018 21:59	5964	6012.9	20.47				
262	7/21/2018 22:29	5972.2	6022.8	20.47				
263	7/21/2018 22:59	5986.7	6032.7	20.47				
264	7/21/2018 23:29	6004	6048	20.46				
265	7/21/2018 23:59	6010.9	6058.6	20.45				
266	7/22/2018 0:29	6013.7	6061.9	20.45				
267	7/22/2018 0:59	6023.4	6069.9	20.45				
268	7/22/2018 1:29	6037.9	6081.9	20.44				
269	7/22/2018 1:59	6037.9	6086.5	20.44				
270	7/22/2018 2:29	6039.3	6087.8	20.42				
271	7/22/2018 2:59	6044.8	6092.5	20.42				
272	7/22/2018 3:29	6050.4	6096.5	20.42				
273	7/22/2018 3:59	6052.5	6097.8	20.42				
274	7/22/2018 4:29	6053.9	6102.5	20.41				
275	7/22/2018 4:59	6058.7	6105.8	20.41				
276	7/22/2018 5:29	6060.8	6110.4	20.41				
277	7/22/2018 5:59	6065.6	6114.4	20.4				
278	7/22/2018 6:29	6069.8	6118.4	20.4				
279	7/22/2018 6:59	6076.7	6122.4	20.39				
280	7/22/2018 7:29	6076.7	6127.7	20.39				
281	7/22/2018 7:59	6085.8	6130.4	20.39				
282	7/22/2018 8:29	6087.9	6135.1	20.38				
283	7/22/2018 8:59	6093.4	6139.1	20.38				
284	7/22/2018 9:29	6094.1	6141.7	20.38				
285	7/22/2018 9:59	6096.9	6145	20.37				
286	7/22/2018 10:29	6100.4	6147.7	20.37				
287	7/22/2018 10:59	6100.4	6151	20.36				
288	7/22/2018 11:29	6108	6153.7	20.36				
289	7/22/2018 11:59	6109.4	6157	20.36				
290	7/22/2018 12:29	6112.9	6159.7	20.34				
291	7/22/2018 12:59	6116.4	6161.7	20.34				
292	7/22/2018 13:29	6117.8	6165	20.34				
293	7/22/2018 13:59	6121.9	6168.4	20.33				
294	7/22/2018 14:29	6120.5	6170.4	20.33				
295	7/22/2018 14:59	6125.4	6173	20.32				
296	7/22/2018 15:29	6133.1	6178.4	20.32				
297	7/22/2018 15:59	6136.6	6184.4	20.31				
298	7/22/2018 16:29	6140	6189	20.31				
299	7/22/2018 16:59	6149.1	6194.4	20.31				
300	7/22/2018 17:29	6151.9	6199.7	20.3				
301	7/22/2018 17:59	6156.8	6203.7	20.3				
302	7/22/2018 18:29	6160.3	6208.4	20.29				
303	7/22/2018 18:59	6164.5	6210.4	20.29				
304	7/22/2018 19:29	6169.3	6215.8	20.27				
305	7/22/2018 19:59	6172.8	6219.8	20.27				
306	7/22/2018 20:29	6175.6	6223.1	20.27				
307	7/22/2018 20:59	6179.1	6227.1	20.27				
308	7/22/2018 21:29	6184.7	6231.1	20.26				
309	7/22/2018 21:59	6186.8	6235.8	20.25				
310	7/22/2018 22:29	6193.1	6237.8	20.25				
311	7/22/2018 22:59	6195.9	6243.2	20.25				
312	7/22/2018 23:29	6200.8	6248.5	20.24				
313	7/22/2018 23:59	6205	6254.5	20.24				
314	7/23/2018 0:29	6207.1	6255.2	20.24				
315	7/23/2018 0:59	6212.7	6258.5	20.24				
316	7/23/2018 1:29	6212.7	6261.2	20.24				
317	7/23/2018 1:59	6212.7	6262.6	20.23				
318	7/23/2018 2:29	6216.2	6263.9	20.23				
319	7/23/2018 2:59	6216.2	6264.6	20.22				
320	7/23/2018 3:29	6216.2	6264.6	20.22				
321	7/23/2018 3:59	6216.2	6263.9	20.22				
322	7/23/2018 4:29	6216.2	6263.9	20.22				
323	7/23/2018 4:59	6212.7	6261.2	20.22				
324	7/23/2018 5:29	6216.2	6263.9	20.22				
325	7/23/2018 5:59	6216.2	6261.9	20.22				
326	7/23/2018 6:29	6212.7	6262.6	20.22				
327	7/23/2018 6:59	6216.2	6263.9	20.22				
328	7/23/2018 7:29	6216.2	6263.9	20.22				
329	7/23/2018 7:59	6214.8	6262.6	20.22				
330	7/23/2018 8:29	6216.2	6264.6	20.2				
331	7/23/2018 8:59	6216.2	6264.6	20.2				
332	7/23/2018 9:29	6216.2	6266.6	20.2				
333	7/23/2018 9:59	6219.7	6266.6	20.22				
334	7/23/2018 10:29	6221.1	6266.6	20.2				
335	7/23/2018 10:59	6219	6266.6	20.2				
336	7/23/2018 11:29	6219.7	6269.9	20.2				
337	7/23/2018 11:59	6222.5	6270.6	20.2				
338	7/23/2018 12:29	6223.9	6269.9	20.2				
339	7/23/2018 12:59	6222.5	6269.9	20.2				
340	7/23/2018 13:29	6222.5	6269.9	20.2				
341	7/23/2018 13:59	6223.9	6270.6	20.2				
342	7/23/2018 14:29	6226	6269.9	20.2				
343	7/23/2018 14:59	6219.7	6270.6	20.2				
344	7/23/2018 15:29	6219.7	6269.9	20.2				
345	7/23/2018 15:59	6219.7	6268.6	20.2				
346	7/23/2018 16:29	6219	6269.9	20.2				
347	7/23/2018 16:59	6219	6268.6	20.2				
348	7/23/2018 17:29	6222.5	6267.9	20.22				
349	7/23/2018 17:59	6219	6269.9	20.2				
350	7/23/2018 18:29	6222.5	6268.6	20.2				
351	7/23/2018 18:59	6219.7	6269.9	20.22				
352	7/23/2018 19:29	6222.5	6269.9	20.2				
353	7/23/2018 19:59	6222.5	6269.9	20.2				
354	7/23/2018 20:29	6222.5	6271.9	20.2				
355	7/23/2018 20:59	6222.5	6271.9	20.2				
356	7/23/2018 21:29	6226	6272.6	20.22				
357	7/23/2018 21:59	6226	6272.6	20.22				
358	7/23/2018 22:29	6226	6274.6	20.2				
359	7/23/2018 22:59	6225.3	6274.6	20.2				
360	7/23/2018 23:29	6226	6275.9	20.22				
361	7/23/2018 23:59	6226	6275.9	20.2				
362	7/24/2018 0:29	6230.2	6278	20.22				
363	7/24/2018 0:59	6230.2	6278	20.22				
364	7/24/2018 1:29	6232.3	6278.6	20.22				
365	7/24/2018 1:59	6228.8	6280	20.23				
366	7/24/2018 2:29	6230.2	6280	20.23				
367	7/24/2018 2:59	6232.3	6280.6	20.23				
368	7/24/2018 3:29	6232.3	6280	20.24				
369	7/24/2018 3:59	6232.3	6280.6	20.24				
370	7/24/2018 4:29	6237.9	6280.6	20.24				
371	7/24/2018 4:59	6232.3	6282	20.25				
372	7/24/2018 5:29	6233.7	6280.6	20.25				
373	7/24/2018 5:59	6231.6	6280.6	20.26				
374	7/24/2018 6:29	6232.3	6282	20.26				
375	7/24/2018 6:59	6232.3	6282	20.26				
376	7/24/2018 7:29	6236.5	6282.6	20.26				
377	7/24/2018 7:59	6232.3	6282.6	20.27				
378	7/24/2018 8:29	6232.3	6284.6	20.27				
379	7/24/2018 8:59	6239.3	6286	20.29				
380	7/24/2018 9:29	6240	6288.7	20.29				
381	7/24/2018 9:59	6242.8	6290.7	20.29				
382	7/24/2018 10:29	6245.6	6291.3	20.3				
383	7/24/2018 10:59	6244.2	6293.4	20.3				
384	7/24/2018 11:29	6247.7	6296	20.3				
385	7/24/2018 11:59	6247.7	6296	20.3				
386	7/24/2018 12:29	6251.9	6299.4	20.31				
387	7/24/2018 12:59	6255.4	6302.1	20.3				
388	7/24/2018 13:29	6254	6305.4	20.31				
389	7/24/2018 13:59	6255.4	6305.4	20.32				
390	7/24/2018 14:29	6256.8	6304.1	20.31				
391	7/24/2018 14:59	6255.4	6305.4	20.32				
392	7/24/2018 15:29	6255.4	6304.1	20.32				
393	7/24/2018 15:59	6255.4	6305.4	20.33				
394	7/24/2018 16:29	6259.7	6306.1	20.33				
395	7/24/2018 16:59	6255.4	6305.4	20.33				
396	7/24/2018 17:29	6259.7	6305.4	20.33				
397	7/24/2018 17:59	6259.7	6307.4	20.34				
398	7/24/2018 18:29	6258.2	6307.4	20.34				
399	7/24/2018 18:59	6261.8	6309.4	20.34				
400	7/24/2018 19:29	6263.2	6310.1	20.34				
401	7/24/2018 19:59	6263.2	6312.1	20.36				
402	7/24/2018 20:29	6267.4	6314.8	20.36				
403	7/24/2018 20:59	6268.8	6315.5	20.36				
404	7/24/2018 21:29	6267.4	6316.2	20.36				
405	7/24/2018 21:59	6267.4	6317.5	20.36				
406	7/24/2018 22:29	6270.9	6318.8	20.36				
407	7/24/2018 22:59	6269.5	6319.5	20.37				
408	7/24/2018 23:29	6273.7	6320.8	20.37				
409	7/24/2018 23:59	6275.1	6321.5	20.37				
410	7/25/2018 0:29	6273.7	6322.9	20.37				
411	7/25/2018 0:59	6275.1	6320.8	20.37				
412	7/25/2018 1:29	6275.1	6323.5	20.37				
413	7/25/2018 1:59	6278.6	6324.9	20.37				
414	7/25/2018 2:29	6275.1	6324.9	20.37				
415	7/25/2018 2:59	6278.6	6323.5	20.38				
416	7/25/2018 3:29	6275.1	6325.5	20.38				
417	7/25/2018 3:59	6275.1	6324.9	20.37				
418	7/25/2018 4:29	6273.7	6324.2	20.38				
419	7/25/2018 4:59	6273.7	6322.9	20.38				
420	7/25/2018 5:29	6273.7	6324.9	20.38				
421	7/25/2018 5:59	6273.7	6324.9	20.39				
422	7/25/2018 6:29	6273.7	6324.9	20.39				
423	7/25/2018 6:59	6275.1	6324.9	20.39				
424	7/25/2018 7:29	6272.3	6326.9	20.39				
425	7/25/2018 7:59	6272.3	6326.9	20.39				
426	7/25/2018 8:29	6274.4	6328.9	20.4				
427	7/25/2018 8:59	6274.4	6330.9	20.4				
428	7/25/2018 9:29	6274.4	6330.9	20.4				
429	7/25/2018 9:59	6274.4	6330.9	20.4				
430	7/25/2018 10:29	6273.7	6329.6	20.4				
431	7/25/2018 10:59	6274.4	6331.6	20.4				
432	7/25/2018 11:29	6273.7	6330.9	20.4				
433	7/25/2018 11:59	6274.4	6331.6	20.4				
434	7/25/2018 12:29	6269.5	6330.9	20.4				
435	7/25/2018 12:59	6269.5	6329.6	20.41				
436	7/25/2018 13:29	6269.5	6328.9	20.41				
437	7/25/2018 13:59	6269.5	6328.2	20.41				
438	7/25/2018 14:29	6269.5	6329.6	20.41				
439	7/25/2018 14:59	6269.5	6328.9	20.4				
440	7/25/2018 15:29	6268.1	6327.6	20.41				
441	7/25/2018 15:59	6268.1	6327.6	20.41				
442	7/25/2018 16:29	6264.6	6325.5	20.41				
443	7/25/2018 16:59	6264.6	6328.9	20.41				
444	7/25/2018 17:29	6263.2	6326.2	20.41				
445	7/25/2018 17:59	6266.7	6326.2	20.41				
446	7/25/2018 18:29	6268.1	6328.2	20.41				
447	7/25/2018 18:59	6268.1	6325.5	20.41				
448	7/25/2018 19:29	6266.7	6326.2	20.42				
449	7/25/2018 19:59	6263.2	6324.2	20.41				
450	7/25/2018 20:29	6263.2	6324.2	20.42				
451	7/25/2018 20:59	6261.8	6323.5	20.42				
452	7/25/2018 21:29	6263.2	6325.5	20.42				
453	7/25/2018 21:59	6263.2	6325.5	20.42				
454	7/25/2018 22:29	6256.1	6325.5	20.42				
455	7/25/2018 22:59	6257.5	6325.5	20.42				
456	7/25/2018 23:29	6260.4	6325.5	20.42				
457	7/25/2018 23:59	6255.4	6325.5	20.44				
458	7/26/2018 0:29	6265.3	6327.6	20.44				
459	7/26/2018 0:59	6257.5	6328.2	20.44				
460	7/26/2018 1:29	6260.4	6328.2	20.44				
461	7/26/2018 1:59	6263.9	6330.2	20.45				
462	7/26/2018 2:29	6263.9	6330.2	20.46				
463	7/26/2018 2:59	6260.4	6331.6	20.45				
464	7/26/2018 3:29	6260.4	6332.3	20.46				
465	7/26/2018 3:59	6259	6332.3	20.45				
466	7/26/2018 4:29	6252.6	6332.3	20.46				
467	7/26/2018 4:59	6256.1	6333.6	20.46				
468	7/26/2018 5:29	6252.6	6334.3	20.47				
469	7/26/2018 5:59	6257.5	6333.6	20.47				
470	7/26/2018 6:29	6254.7	6333.6	20.47				
471	7/26/2018 6:59	6254.7	6334.3	20.47				
472	7/26/2018 7:29	6254.7	6334.3	20.48				
473	7/26/2018 7:59	6256.1	6336.3	20.47				
474	7/26/2018 8:29	6251.2	6337.6	20.48				
475	7/26/2018 8:59	6263.9	6338.3	20.48				
476	7/26/2018 9:29	6263.9	6338.3	20.48				
477	7/26/2018 9:59	6260.4	6338.3	20.49				
478	7/26/2018 10:29	6261.1	6338.3	20.48				
479	7/26/2018 10:59	6263.9	6339.6	20.48				
480	7/26/2018 11:29	6261.1	6339.6	20.49				
481	7/26/2018 11:59	6276.5	6340.3	20.49				
482	7/26/2018 12:29	6262.5	6340.3	20.49				
483	7/26/2018 12:59	6265.3	6340.3	20.49				
484	7/26/2018 13:29	6256.1	6340.3	20.51				
485	7/26/2018 13:59	6256.1	6338.3	20.51				
486	7/26/2018 14:29	6251.2	6338.3	20.51				
487	7/26/2018 14:59	6259.7	6339	20.51				
488	7/26/2018 15:29	6248.4	6337	20.51				
489	7/26/2018 15:59	6254.7	6338.3	20.51				
490	7/26/2018 16:29	6249.8	6337	20.51				
491	7/26/2018 16:59	6244.2	6337	20.51				
492	7/26/2018 17:29	6248.4	6337	20.51				
493	7/26/2018 17:59	6247	6338.3	20.51				
494	7/26/2018 18:29	6251.9	6341	20.52				
495	7/26/2018 18:59	6244.2	6341	20.52				
496	7/26/2018 19:29	6242.1	6342.3	20.51				
497	7/26/2018 19:59	6244.2	6341	20.52				
498	7/26/2018 20:29	6244.2	6344.3	20.52				
499	7/26/2018 20:59	6247	6343	20.52				
500	7/26/2018 21:29	6253.3	6347	20.52				
501	7/26/2018 21:59	6262.5	6348.4	20.52				
502	7/26/2018 22:29	6261.1	6351.7	20.52				
503	7/26/2018 22:59	6268.8	6355.8	20.53				
504	7/26/2018 23:29	6280	6361.1	20.53				
505	7/26/2018 23:59	6280	6367.2	20.53				
506	7/27/2018 0:29	6284.2	6373.2	20.54				
507	7/27/2018 0:59	6298.3	6382	20.55				
508	7/27/2018 1:29	6307.5	6388	20.55				
509	7/27/2018 1:59	6306.1	6392.7	20.55				
510	7/27/2018 2:29	6313.8	6398.1	20.55				
511	7/27/2018 2:59	6320.8	6404.8	20.55				
512	7/27/2018 3:29	6328.6	6410.9	20.58				
513	7/27/2018 3:59	6333.5	6414.9	20.58				
514	7/27/2018 4:29	6336.4	6419	20.58				
515	7/27/2018 4:59	6342.7	6427.7	20.58				
516	7/27/2018 5:29	6338.5	6430.4	20.59				
517	7/27/2018 5:59	6345.5	6435.8	20.59				
518	7/27/2018 6:29	6342.7	6441.2	20.6				
519	7/27/2018 6:59	6331.4	6441.9	20.61				
520	7/27/2018 7:29	6339.9	6447.3	20.61				
521	7/27/2018 7:59	6347.6	6450	20.61				
522	7/27/2018 8:29	6346.2	6453.4	20.61				
523	7/27/2018 8:59	6349.8	6456.7	20.61				
524	7/27/2018 9:29	6367.4	6462.1	20.62				
525	7/27/2018 9:59	6364.6	6464.2	20.62				
526	7/27/2018 10:29	6366	6468.2	20.63				
527	7/27/2018 10:59	6363.2	6469.6	20.63				
528	7/27/2018 11:29	6380.8	6475	20.63				
529	7/27/2018 11:59	6372.4	6475.6	20.65				
530	7/27/2018 12:29	6376.6	6477.7	20.65				
531	7/27/2018 12:59	6379.4	6479.7	20.65				
532	7/27/2018 13:29	6384.4	6481.7	20.66				
533	7/27/2018 13:59	6397.8	6484.4	20.65				
534	7/27/2018 14:29	6408.5	6486.4	20.65				
535	7/27/2018 14:59	6396.4	6486.4	20.65				
536	7/27/2018 15:29	6392.2	6488.5	20.66				
537	7/27/2018 15:59	6408.5	6492.5	20.66				
538	7/27/2018 16:29	6396.4	6493.9	20.66				
539	7/27/2018 16:59	6408.5	6494.5	20.66				
540	7/27/2018 17:29	6411.3	6494.5	20.66				
541	7/27/2018 17:59	6411.3	6496.6	20.66				
542	7/27/2018 18:29	6409.9	6500	20.66				
543	7/27/2018 18:59	6409.9	6500	20.66				
544	7/27/2018 19:29	6408.5	6502	20.66				
545	7/27/2018 19:59	6407	6504	20.67				
546	7/27/2018 20:29	6402.8	6504	20.67				
547	7/27/2018 20:59	6412	6508.1	20.67				
548	7/27/2018 21:29	6417.7	6509.4	20.67				
549	7/27/2018 21:59	6410.6	6510.1	20.68				
550	7/27/2018 22:29	6418.4	6513.5	20.67				
551	7/27/2018 22:59	6412	6514.1	20.68				
552	7/27/2018 23:29	6419.8	6517.5	20.68				
553	7/27/2018 23:59	6425.5	6520.2	20.68				
554	7/28/2018 0:29	6424	6519.6	20.68				
555	7/28/2018 0:59	6418.4	6519.6	20.69				
556	7/28/2018 1:29	6417	6521.6	20.69				
557	7/28/2018 1:59	6421.2	6522.9	20.7				
558	7/28/2018 2:29	6410.6	6523.6	20.69				
559	7/28/2018 2:59	6417	6527	20.7				
560	7/28/2018 3:29	6413.4	6527	20.7				
561	7/28/2018 3:59	6428.3	6530.4	20.7				
562	7/28/2018 4:29	6419.8	6530.4	20.71				
563	7/28/2018 4:59	6430.4	6533.8	20.71				
564	7/28/2018 5:29	6439.7	6536.5	20.71				
565	7/28/2018 5:59	6443.9	6536.5	20.73				
566	7/28/2018 6:29	6446.8	6538.5	20.73				
567	7/28/2018 6:59	6454.6	6541.9	20.73				
568	7/28/2018 7:29	6469.5	6543.9	20.73				
569	7/28/2018 7:59	6445.3	6541.9	20.73				
570	7/28/2018 8:29	6464.5	6543.9	20.74				
571	7/28/2018 8:59	6468.1	6543.9	20.73				
572	7/28/2018 9:29	6463.1	6546	20.73				
573	7/28/2018 9:59	6453.1	6547.3	20.74				
574	7/28/2018 10:29	6468.1	6549.3	20.74				
575	7/28/2018 10:59	6461.7	6551.4	20.74				
576	7/28/2018 11:29	6457.4	6550	20.74				
577	7/28/2018 11:59	6427.6	6550	20.74				
578	7/28/2018 12:29	6412.7	6551.4	20.74				
579	7/28/2018 12:59	6461.7	6553.4	20.74				
580	7/28/2018 13:29	6460.3	6553.4	20.74				
581	7/28/2018 13:59	6470.9	6555.4	20.74				
582	7/28/2018 14:29	6471.6	6555.4	20.74				
583	7/28/2018 14:59	6463.8	6555.4	20.74				
584	7/28/2018 15:29	6435.4	6554.1	20.74				
585	7/28/2018 15:59	6477.3	6558.8	20.74				
586	7/28/2018 16:29	6468.1	6557.5	20.74				
587	7/28/2018 16:59	6451.7	6554.1	20.74				
588	7/28/2018 17:29	6458.1	6557.5	20.74				
589	7/28/2018 17:59	6459.5	6556.1	20.74				
590	7/28/2018 18:29	6461	6557.5	20.74				
591	7/28/2018 18:59	6462.4	6556.1	20.74				
592	7/28/2018 19:29	6456.7	6557.5	20.73				
593	7/28/2018 19:59	6461	6556.1	20.74				
594	7/28/2018 20:29	6461	6559.5	20.74				
595	7/28/2018 20:59	6466.6	6559.5	20.74				
596	7/28/2018 21:29	6470.2	6561.5	20.74				
597	7/28/2018 21:59	6468.8	6560.9	20.74				
598	7/28/2018 22:29	6470.2	6562.9	20.74				
599	7/28/2018 22:59	6465.2	6562.2	20.74				
600	7/28/2018 23:29	6468.8	6563.6	20.74				
601	7/28/2018 23:59	6458.1	6564.9	20.74				
602	7/29/2018 0:29	6467.4	6567	20.75				
603	7/29/2018 0:59	6458.1	6567.6	20.75				
604	7/29/2018 1:29	6461	6569	20.75				
605	7/29/2018 1:59	6452.4	6569.7	20.75				
606	7/29/2018 2:29	6452.4	6569	20.76				
607	7/29/2018 2:59	6361.8	6562.2	20.76				
608	7/29/2018 3:29	6455.3	6573.1	20.76				
609	7/29/2018 3:59	6453.9	6574.4	20.76				
610	7/29/2018 4:29	6453.9	6576.4	20.77				
611	7/29/2018 4:59	6453.9	6577.1	20.77				
612	7/29/2018 5:29	6458.8	6580.5	20.77				
613	7/29/2018 5:59	6473.8	6582.5	20.77				
614	7/29/2018 6:29	6461.7	6582.5	20.77				
615	7/29/2018 6:59	6463.1	6583.9	20.78				
616	7/29/2018 7:29	6467.4	6585.9	20.77				
617	7/29/2018 7:59	6465.9	6585.9	20.78				
618	7/29/2018 8:29	6480.9	6590	20.77				
619	7/29/2018 8:59	6500.8	6592	20.78				
620	7/29/2018 9:29	6493	6594.1	20.78				
621	7/29/2018 9:59	6531.5	6600.2	20.77				
622	7/29/2018 10:29	6525.8	6600.9	20.78				
623	7/29/2018 10:59	6520.1	6602.2	20.78				
624	7/29/2018 11:29	6515.1	6604.3	20.77				
625	7/29/2018 11:59	6534.3	6606.3	20.77				
626	7/29/2018 12:29	6528.6	6606.3	20.77				
627	7/29/2018 12:59	6532.2	6607	20.77				
628	7/29/2018 13:29	6517.2	6608.3	20.77				
629	7/29/2018 13:59	6510.1	6606.3	20.77				
630	7/29/2018 14:29	6517.2	6608.3	20.76				
631	7/29/2018 14:59	6528.6	6608.3	20.76				
632	7/29/2018 15:29	6528.6	6610.4	20.76				
633	7/29/2018 15:59	6511.5	6607	20.75				
634	7/29/2018 16:29	6512.9	6608.3	20.74				
635	7/29/2018 16:59	6530.8	6610.4	20.74				
636	7/29/2018 17:29	6517.2	6609	20.74				
637	7/29/2018 17:59	6490.8	6609	20.74				
638	7/29/2018 18:29	6484.4	6608.3	20.73				
639	7/29/2018 18:59	6495.1	6607.7	20.73				
640	7/29/2018 19:29	6492.3	6607.7	20.71				
641	7/29/2018 19:59	6506.5	6611	20.71				
642	7/29/2018 20:29	6515.8	6613.8	20.71				
643	7/29/2018 20:59	6514.3	6613.8	20.71				
644	7/29/2018 21:29	6498	6611	20.7				
645	7/29/2018 21:59	6520.1	6615.8	20.7				
646	7/29/2018 22:29	6498	6613.1	20.7				
647	7/29/2018 22:59	6504.4	6617.8	20.69				
648	7/29/2018 23:29	6483.7	6616.5	20.69				
649	7/29/2018 23:59	6465.2	6616.5	20.69				
650	7/30/2018 0:29	6480.2	6618.5	20.69				
651	7/30/2018 0:59	6480.2	6618.5	20.69				
652	7/30/2018 1:29	6485.1	6619.9	20.69				
653	7/30/2018 1:59	6473	6621.2	20.69				
654	7/30/2018 2:29	6400.7	6619.2	20.69				
655	7/30/2018 2:59	6415.5	6617.2	20.68				
656	7/30/2018 3:29	6414.1	6620.6	20.68				
657	7/30/2018 3:59	6394.3	6614.4	20.68				
658	7/30/2018 4:29	6336.4	6612.4	20.68				
659	7/30/2018 4:59	6330	6609	20.68				
660	7/30/2018 5:29	6234.4	6604.9	20.67				
661	7/30/2018 5:59	6280	6610.4	20.67				
662	7/30/2018 6:29	6290.6	6612.4	20.68				
663	7/30/2018 6:59	6261.1	6609	20.67				
664	7/30/2018 7:29	6263.9	6609.7	20.67				
665	7/30/2018 7:59	6267.4	6613.1	20.67				
666	7/30/2018 8:29	6268.8	6615.1	20.66				
667	7/30/2018 8:59	6271.6	6615.1	20.67				
668	7/30/2018 9:29	6219.7	6614.4	20.66				
669	7/30/2018 9:59	6228.1	6615.1	20.66				
670	7/30/2018 10:29	6216.9	6613.1	20.66				
671	7/30/2018 10:59	6091.3	6604.3	20.66				
672	7/30/2018 11:29	6031	6599.5	20.65				
673	7/30/2018 11:59	5963.3	6592	20.66				
674	7/30/2018 12:29	6001.2	6599.5	20.66				
675	7/30/2018 12:59	5952.9	6596.1	20.65				
676	7/30/2018 13:29	6028.2	6606.3	20.65				
677	7/30/2018 13:59	6062.2	6609.7	20.63				
678	7/30/2018 14:29	6086.5	6608.3	20.63				
679	7/30/2018 14:59	6053.2	6613.8	20.62				
680	7/30/2018 15:29	6026.8	6615.8	20.62				
681	7/30/2018 15:59	6016.5	6613.8	20.61				
682	7/30/2018 16:29	6030.3	6615.8	20.61				
683	7/30/2018 16:59	6025.5	6615.8	20.61				
684	7/30/2018 17:29	6044.8	6617.8	20.6				
685	7/30/2018 17:59	6098.3	6621.2	20.6				
686	7/30/2018 18:29	6031.7	6619.9	20.6				
687	7/30/2018 18:59	6006.1	6621.9	20.6				
688	7/30/2018 19:29	6160.3	6628.7	20.59				
689	7/30/2018 19:59	6138	6629.4	20.59				
690	7/30/2018 20:29	6124	6633.5	20.58				
691	7/30/2018 20:59	6131	6632.8	20.58				
692	7/30/2018 21:29	6075.4	6629.4	20.56				
693	7/30/2018 21:59	6105.9	6630.1	20.58				
694	7/30/2018 22:29	6155.4	6638.9	20.56				
695	7/30/2018 22:59	6162.4	6638.9	20.56				
696	7/30/2018 23:29	6124	6641.6	20.56				
697	7/30/2018 23:59	6126.1	6636.9	20.55				
698	7/31/2018 0:29	6161.7	6644.3	20.55				
699	7/31/2018 0:59	6183.3	6639.6	20.55				
700	7/31/2018 1:29	6151.9	6642.3	20.54				
701	7/31/2018 1:59	6182.6	6642.3	20.54				
702	7/31/2018 2:29	6134.5	6646.4	20.54				
703	7/31/2018 2:59	6221.8	6651.1	20.54				
704	7/31/2018 3:29	6167.9	6648.4	20.53				
705	7/31/2018 3:59	6160.3	6647.7	20.53				
706	7/31/2018 4:29	6173.5	6647.7	20.53				
707	7/31/2018 4:59	6184.7	6651.8	20.53				
708	7/31/2018 5:29	6183.3	6648.4	20.53				
709	7/31/2018 5:59	6179.8	6655.2	20.52				
710	7/31/2018 6:29	6158.9	6651.8	20.53				
711	7/31/2018 6:59	6203.6	6653.2	20.52				
712	7/31/2018 7:29	6233	6657.3	20.52				
713	7/31/2018 7:59	6153.3	6650.5	20.51				
714	7/31/2018 8:29	6177.7	6660.7	20.51				
715	7/31/2018 8:59	6239.3	6660.7	20.51				
716	7/31/2018 9:29	6237.2	6661.3	20.51				
717	7/31/2018 9:59	6156.8	6654.5	20.51				
718	7/31/2018 10:29	6138.6	6657.9	20.49				
719	7/31/2018 10:59	6226.7	6661.3	20.49				
720	7/31/2018 11:29	6221.8	6662.7	20.49				
721	7/31/2018 11:59	6249.8	6664.8	20.49				
722	7/31/2018 12:29	6107.3	6657.9	20.48				
723	7/31/2018 12:59	6156.8	6658.6	20.49				
724	7/31/2018 13:29	6189.6	6661.3	20.48				
725	7/31/2018 13:59	6174.9	6663.4	20.48				
726	7/31/2018 14:29	6221.8	6665.4	20.47				
727	7/31/2018 14:59	6278.6	6667.5	20.48				
728	7/31/2018 15:29	6205.7	6666.8	20.47				
729	7/31/2018 15:59	6237.9	6667.5	20.47				
730	7/31/2018 16:29	6198.7	6665.4	20.47				
731	7/31/2018 16:59	6203.6	6663.4	20.47				
732	7/31/2018 17:29	6197.3	6663.4	20.46				
733	7/31/2018 17:59	6204.3	6667.5	20.46				
734	7/31/2018 18:29	6177.7	6672.2	20.46				
735	7/31/2018 18:59	6247	6670.9	20.46				
736	7/31/2018 19:29	6268.1	6674.3	20.46				
737	7/31/2018 19:59	6272.3	6672.9	20.46				
738	7/31/2018 20:29	6244.2	6673.6	20.46				
739	7/31/2018 20:59	6230.9	6672.9	20.46				
740	7/31/2018 21:29	6150.5	6674.3	20.45				
741	7/31/2018 21:59	6218.3	6669.5	20.45				
742	7/31/2018 22:29	6270.9	6675	20.46				
743	7/31/2018 22:59	6235.8	6675	20.45				
744	7/31/2018 23:29	6256.1	6676.3	20.46				
745	7/31/2018 23:59	6249.8	6676.3	20.46				
746	8/1/2018 0:29	6261.1	6677	20.45				
747	8/1/2018 0:59	6288.5	6685.2	20.46				
748	8/1/2018 1:29	6292.7	6683.8	20.46				
749	8/1/2018 1:59	6212	6673.6	20.46				
750	8/1/2018 2:29	6247	6683.1	20.46				
751	8/1/2018 2:59	6245.6	6683.8	20.47				
752	8/1/2018 3:29	6237.2	6681.1	20.47				
753	8/1/2018 3:59	6242.1	6686.5	20.48				
754	8/1/2018 4:29	6174.2	6684.5	20.48				
755	8/1/2018 4:59	6275.8	6692	20.48				
756	8/1/2018 5:29	6240.7	6685.2	20.49				
757	8/1/2018 5:59	6221.1	6689.3	20.49				
758	8/1/2018 6:29	6284.9	6695.4	20.49				
759	8/1/2018 6:59	6186.1	6695.4	20.51				
760	8/1/2018 7:29	6261.8	6697.4	20.51				
761	8/1/2018 7:59	6280	6698.1	20.51				
762	8/1/2018 8:29	6261.1	6692.7	20.51				
763	8/1/2018 8:59	6266	6697.4	20.51				
764	8/1/2018 9:29	6287.1	6700.2	20.51				
765	8/1/2018 9:59	6310.3	6702.9	20.52				
766	8/1/2018 10:29	6239.3	6699.5	20.52				
767	8/1/2018 10:59	6287.1	6704.9	20.52				
768	8/1/2018 11:29	6274.4	6702.9	20.53				
769	8/1/2018 11:59	6299.7	6704.9	20.53				
770	8/1/2018 12:29	6324.4	6709	20.53				
771	8/1/2018 12:59	6298.3	6707	20.53				
772	8/1/2018 13:29	6316.6	6709	20.53				
773	8/1/2018 13:59	6332.8	6714.5	20.54				
774	8/1/2018 14:29	6266.7	6706.3	20.54				
775	8/1/2018 14:59	6343.4	6715.2	20.54				
776	8/1/2018 15:29	6318.7	6713.1	20.55				
777	8/1/2018 15:59	6326.5	6713.1	20.55				
778	8/1/2018 16:29	6330.7	6717.9	20.55				
779	8/1/2018 16:59	6330.7	6718.6	20.55				
780	8/1/2018 17:29	6321.5	6718.6	20.56				
781	8/1/2018 17:59	6347.6	6723.4	20.56				
782	8/1/2018 18:29	6287.1	6715.2	20.56				
783	8/1/2018 18:59	6304.6	6718.6	20.58				
784	8/1/2018 19:29	6315.2	6715.8	20.58				
785	8/1/2018 19:59	6315.2	6722	20.58				
786	8/1/2018 20:29	6332.8	6727.4	20.59				
787	8/1/2018 20:59	6339.2	6728.1	20.58				
788	8/1/2018 21:29	6346.2	6728.1	20.59				
789	8/1/2018 21:59	6354.7	6731.5	20.59				
790	8/1/2018 22:29	6339.2	6728.1	20.59				
791	8/1/2018 22:59	6348.3	6729.5	20.6				
792	8/1/2018 23:29	6335.6	6728.8	20.61				
793	8/1/2018 23:59	6339.2	6732.2	20.61				
794	8/2/2018 0:29	6348.3	6734.3	20.61				
795	8/2/2018 0:59	6332.8	6739	20.62				
796	8/2/2018 1:29	6362.5	6739.7	20.63				
797	8/2/2018 1:59	6343.4	6742.5	20.63				
798	8/2/2018 2:29	6339.2	6741.1	20.65				
799	8/2/2018 2:59	6365.3	6743.1	20.65				
800	8/2/2018 3:29	6338.5	6743.8	20.66				
801	8/2/2018 3:59	6326.5	6745.2	20.67				
802	8/2/2018 4:29	6349.8	6750	20.67				
803	8/2/2018 4:59	6345.5	6750.7	20.68				
804	8/2/2018 5:29	6357.5	6752.7	20.69				
805	8/2/2018 5:59	6345.5	6754.1	20.7				
806	8/2/2018 6:29	6351.9	6758.2	20.7				
807	8/2/2018 6:59	6362.5	6758.2	20.71				
808	8/2/2018 7:29	6366.7	6760.2	20.73				
809	8/2/2018 7:59	6366.7	6763.6	20.73				
810	8/2/2018 8:29	6390	6767.1	20.74				
811	8/2/2018 8:59	6363.9	6765.7	20.74				
812	8/2/2018 9:29	6392.2	6772.5	20.75				
813	8/2/2018 9:59	6351.2	6771.2	20.75				
814	8/2/2018 10:29	6373.8	6773.9	20.75				
815	8/2/2018 10:59	6396.4	6773.9	20.76				
816	8/2/2018 11:29	6354.7	6775.3	20.77				
817	8/2/2018 11:59	6359.6	6780.7	20.77				
818	8/2/2018 12:29	6405.6	6784.2	20.78				
819	8/2/2018 12:59	6393.6	6785.5	20.78				
820	8/2/2018 13:29	6413.4	6789.6	20.8				
821	8/2/2018 13:59	6393.6	6784.8	20.8				
822	8/2/2018 14:29	6385.8	6786.2	20.8				
823	8/2/2018 14:59	6375.2	6791.7	20.81				
824	8/2/2018 15:29	6370.2	6786.9	20.81				
825	8/2/2018 15:59	6380.8	6788.3	20.81				
826	8/2/2018 16:29	6389.3	6793.7	20.82				
827	8/2/2018 16:59	6384.4	6793.7	20.82				
828	8/2/2018 17:29	6378	6795.8	20.82				
829	8/2/2018 17:59	6364.6	6797.8	20.83				
830	8/2/2018 18:29	6371	6794.4	20.83				
831	8/2/2018 18:59	6378	6797.8	20.83				
832	8/2/2018 19:29	6350.5	6797.8	20.83				
833	8/2/2018 19:59	6356.8	6803.3	20.83				
834	8/2/2018 20:29	6358.2	6801.9	20.83				
835	8/2/2018 20:59	6378	6810.2	20.83				
836	8/2/2018 21:29	6384.4	6812.2	20.84				
837	8/2/2018 21:59	6385.8	6812.2	20.83				
838	8/2/2018 22:29	6370.2	6812.9	20.84				
839	8/2/2018 22:59	6366	6815	20.84				
840	8/2/2018 23:29	6373.8	6819.7	20.85				
841	8/2/2018 23:59	6361.1	6821.8	20.85				
842	8/3/2018 0:29	6401.4	6822.5	20.84				
843	8/3/2018 0:59	6303.2	6823.9	20.85				
844	8/3/2018 1:29	6368.8	6823.9	20.87				
845	8/3/2018 1:59	6354.7	6821.1	20.87				
846	8/3/2018 2:29	6340.6	6823.9	20.87				
847	8/3/2018 2:59	6358.2	6829.3	20.87				
848	8/3/2018 3:29	6367.4	6831.4	20.87				
849	8/3/2018 3:59	6366	6834.8	20.88				
850	8/3/2018 4:29	6366	6834.8	20.88				
851	8/3/2018 4:59	6381.6	6837.6	20.88				
852	8/3/2018 5:29	6347.6	6837.6	20.89				
853	8/3/2018 5:59	6369.5	6847.2	20.89				
854	8/3/2018 6:29	6369.5	6841	20.89				
855	8/3/2018 6:59	6373.8	6846.5	20.9				
856	8/3/2018 7:29	6369.5	6841.7	20.89				
857	8/3/2018 7:59	6389.3	6852	20.9				
858	8/3/2018 8:29	6406.3	6851.3	20.9				
859	8/3/2018 8:59	6372.4	6848.5	20.9				
860	8/3/2018 9:29	6407.7	6855.4	20.9				
861	8/3/2018 9:59	6353.3	6853.3	20.9				
862	8/3/2018 10:29	6395.7	6857.5	20.9				
863	8/3/2018 10:59	6372.4	6858.8	20.9				
864	8/3/2018 11:29	6408.5	6864.3	20.91				
865	8/3/2018 11:59	6419.1	6862.9	20.9				
866	8/3/2018 12:29	6378.7	6860.9	20.9				
867	8/3/2018 12:59	6404.9	6867.8	20.91				
868	8/3/2018 13:29	6397.1	6865	20.91				
869	8/3/2018 13:59	6412.7	6868.4	20.91				
870	8/3/2018 14:29	6353.3	6868.4	20.91				
871	8/3/2018 14:59	6437.5	6875.3	20.91				
872	8/3/2018 15:29	6397.8	6873.9	20.91				
873	8/3/2018 15:59	6426.9	6871.9	20.91				
874	8/3/2018 16:29	6306.8	6873.9	20.92				
875	8/3/2018 16:59	6322.3	6878.1	20.91				
876	8/3/2018 17:29	6421.9	6881.5	20.92				
877	8/3/2018 17:59	6407	6882.9	20.92				
878	8/3/2018 18:29	6425.5	6887.7	20.92				
879	8/3/2018 18:59	6391.5	6884.9	20.92				
880	8/3/2018 19:29	6420.5	6888.4	20.92				
881	8/3/2018 19:59	6434.7	6890.4	20.92				
882	8/3/2018 20:29	6422.6	6895.2	20.92				
883	8/3/2018 20:59	6424	6894.5	20.92				
884	8/3/2018 21:29	6445.3	6900.7	20.94				
885	8/3/2018 21:59	6437.5	6900.7	20.94				
886	8/3/2018 22:29	6456	6904.9	20.94				
887	8/3/2018 22:59	6431.8	6908.3	20.95				
888	8/3/2018 23:29	6383.7	6904.2	20.95				
889	8/3/2018 23:59	6436.1	6911	20.95				
890	8/4/2018 0:29	6430.4	6913.1	20.95				
891	8/4/2018 0:59	6454.6	6917.2	20.95				
892	8/4/2018 1:29	6462.4	6926.2	20.96				
893	8/4/2018 1:59	6448.9	6928.2	20.96				
894	8/4/2018 2:29	6462.4	6933.7	20.97				
895	8/4/2018 2:59	6499.4	6933.7	20.97				
896	8/4/2018 3:29	6484.4	6939.9	20.97				
897	8/4/2018 3:59	6488.7	6941.3	20.97				
898	8/4/2018 4:29	6487.3	6948.2	20.98				
899	8/4/2018 4:59	6507.2	6947.5	20.98				
900	8/4/2018 5:29	6493	6952.3	20.99				
901	8/4/2018 5:59	6481.6	6955.8	20.98				
902	8/4/2018 6:29	6528.6	6961.3	20.99				
903	8/4/2018 6:59	6528.6	6964.7	20.99				
904	8/4/2018 7:29	6528.6	6964.1	20.99				
905	8/4/2018 7:59	6550	6970.3	21				
906	8/4/2018 8:29	6545	6979.2	20.99				
907	8/4/2018 8:59	6493.7	6973.7	21				
908	8/4/2018 9:29	6501.5	6975.1	21				
909	8/4/2018 9:59	6531.5	6988.2	21				
910	8/4/2018 10:29	6531.5	6988.9	21.02				
911	8/4/2018 10:59	6560	6995.8	21.02				
912	8/4/2018 11:29	6509.4	6996.5	21.03				
913	8/4/2018 11:59	6533.6	7004.8	21.03				
914	8/4/2018 12:29	6556.5	7007.5	21.03				
915	8/4/2018 12:59	6519.3	7007.5	21.03				
916	8/4/2018 13:29	6532.2	7014.4	21.03				
917	8/4/2018 13:59	6559.3	7023.4	21.03				
918	8/4/2018 14:29	6565.1	7028.9	21.03				
919	8/4/2018 14:59	6542.9	7031	21.03				
920	8/4/2018 15:29	6537.2	7040.7	21.03				
921	8/4/2018 15:59	6571.5	7048.3	21.03				
922	8/4/2018 16:29	6497.2	7043.5	21.04				
923	8/4/2018 16:59	6545.8	7054.5	21.04				
924	8/4/2018 17:29	6568.6	7068.4	21.04				
925	8/4/2018 17:59	6540	7071.2	21.03				
926	8/4/2018 18:29	6547.9	7082.9	21.04				
927	8/4/2018 18:59	6591.5	7091.9	21.04				
928	8/4/2018 19:29	6595.8	7099.6	21.04				
929	8/4/2018 19:59	6575.8	7110	21.04				
930	8/4/2018 20:29	6582.9	7124.5	21.04				
931	8/4/2018 20:59	6587.2	7128	21.04				
932	8/4/2018 21:29	6603	7141.2	21.04				
933	8/4/2018 21:59	6637.4	7156.5	21.04				
934	8/4/2018 22:29	6631	7165.5	21.05				
935	8/4/2018 22:59	6631	7179.4	21.05				
936	8/4/2018 23:29	6627.4	7190.6	21.05				
937	8/4/2018 23:59	6595.8	7196.9	21.06				
938	8/5/2018 0:29	6536.5	7210.8	21.05				
939	8/5/2018 0:59	6643.9	7233.1	21.06				
940	8/5/2018 1:29	6651.8	7249.8	21.06				
941	8/5/2018 1:59	6710.9	7275.7	21.06				
942	8/5/2018 2:29	6715.2	7290.4	21.07				
943	8/5/2018 2:59	6720.3	7305	21.07				
944	8/5/2018 3:29	6739.8	7330.9	21.07				
945	8/5/2018 3:59	6758.6	7352	21.09				
946	8/5/2018 4:29	6765.1	7373	21.09				
947	8/5/2018 4:59	6771.6	7399.7	21.1				
948	8/5/2018 5:29	6800.6	7427.1	21.1				
949	8/5/2018 5:59	6820.2	7453.9	21.1				
950	8/5/2018 6:29	6865.3	7488.4	21.1				
951	8/5/2018 6:59	6874.7	7516.6	21.11				
952	8/5/2018 7:29	6900.3	7556.9	21.11				
953	8/5/2018 7:59	6919.3	7585.9	21.11				
954	8/5/2018 8:29	6984.4	7637	21.12				
955	8/5/2018 8:59	7004.2	7673.2	21.12				
956	8/5/2018 9:29	6998.4	7703.8	21.12				
957	8/5/2018 9:59	7049.8	7750.2	21.12				
958	8/5/2018 10:29	7063.1	7798	21.12				
959	8/5/2018 10:59	7085.9	7845.3	21.12				
960	8/5/2018 11:29	7153.2	7895.5	21.13				
961	8/5/2018 11:59	7162.9	7948	21.13				
962	8/5/2018 12:29	7188.1	7994.1	21.13				
963	8/5/2018 12:59	7226.7	8049.7	21.13				
964	8/5/2018 13:29	7291.6	8106.9	21.13				
965	8/5/2018 13:59	7301.3	8168.6	21.14				
966	8/5/2018 14:29	7320	8222.5	21.13				
967	8/5/2018 14:59	7410.8	8280.1	21.13				
968	8/5/2018 15:29	7378.5	8346	21.13				
969	8/5/2018 15:59	7399.5	8405.4	21.13				
970	8/5/2018 16:29	7365	8473.8	21.13				
971	8/5/2018 16:59	7540.7	8534.3	21.13				
972	8/5/2018 17:29	7619	8606.8	21.13				
973	8/5/2018 17:59	7487.7	8669.2	21.13				
974	8/5/2018 18:29	7735.9	8730.9	21.13				
975	8/5/2018 18:59	7779.7	8795.8	21.13				
976	8/5/2018 19:29	7841.3	8867.7	21.13				
977	8/5/2018 19:59	7835.9	8929.2	21.13				
978	8/5/2018 20:29	7888.4	9002.3	21.13				
979	8/5/2018 20:59	7951.2	9070.2	21.13				
980	8/5/2018 21:29	8791.7	9245.6	21.13				
981	8/5/2018 21:59	8561.9	9290.6	21.13				
982	8/5/2018 22:29	8477.7	9358.6	21.13				
983	8/5/2018 22:59	8540.2	9419.2	21.14				
984	8/5/2018 23:29	8580.4	9493.7	21.14				
985	8/5/2018 23:59	8564.3	9558.5	21.14				
986	8/6/2018 0:29	8822.7	9658.3	21.16				
987	8/6/2018 0:59	8861	9726.6	21.16				
988	8/6/2018 1:29	8874.1	9802.2	21.16				
989	8/6/2018 1:59	8837.4	9871.7	21.17				
990	8/6/2018 2:29	8985.7	9952.4	21.17				
991	8/6/2018 2:59	9076.5	10032.6	21.17				
992	8/6/2018 3:29	9076.5	10121.8	21.17				
993	8/6/2018 3:59	9081.4	10187.5	21.18				
994	8/6/2018 4:29	8940.5	10246.2	21.18				
995	8/6/2018 4:59	9188.5	10348.1	21.18				
996	8/6/2018 5:29	9143.6	10417.6	21.19				
997	8/6/2018 5:59	9293.6	10508.9	21.2				
998	8/6/2018 6:29	9113.7	10568.4	21.19				
999	8/6/2018 6:59	9342.3	10660.3	21.2				
1000	8/6/2018 7:29	9295.3	10732.3	21.21				
1001	8/6/2018 7:59	9308.7	10820.8	21.21				
1002	8/6/2018 8:29	9160.2	10884.2	21.21				
1003	8/6/2018 8:59	9125.3	10958.5	21.23				
1004	8/6/2018 9:29	9148.6	11027.3	21.23				
1005	8/6/2018 9:59	9388.5	11157.9	21.23				
1006	8/6/2018 10:29	9482.9	11252	21.23				
1007	8/6/2018 10:59	9497.3	11345.6	21.24				
1008	8/6/2018 11:29	9680.1	11418.7	21.24				
1009	8/6/2018 11:59	9642.6	11499.5	21.25				
1010	8/6/2018 12:29	9550.7	11589.8	21.24				
1011	8/6/2018 12:59	9567.7	11687.1	21.24				
1012	8/6/2018 13:29	9723.7	11798.4	21.25				
1013	8/6/2018 13:59	9734	11871.9	21.25				
1014	8/6/2018 14:29	9740	11960.1	21.26				
1015	8/6/2018 14:59	9876.8	12101.5	21.25				
1016	8/6/2018 15:29	9807.9	12185.3	21.26				
1017	8/6/2018 15:59	10088.6	12298.7	21.26				
1018	8/6/2018 16:29	9981.6	12393.5	21.26				
1019	8/6/2018 16:59	9974.6	12502.6	21.26				
1020	8/6/2018 17:29	10075.5	12611.2	21.26				
1021	8/6/2018 17:59	10111.3	12752.7	21.25				
1022	8/6/2018 18:29	10172.6	12880.8	21.26				
1023	8/6/2018 18:59	10336.4	12973.4	21.26				
1024	8/6/2018 19:29	10242.9	13089.3	21.26				
1025	8/6/2018 19:59	10345.2	13248.6	21.26				
1026	8/6/2018 20:29	10565.8	13418.7	21.27				
1027	8/6/2018 20:59	10741.9	13542.1	21.26				
1028	8/6/2018 21:29	10674.3	13643.5	21.27				
1029	8/6/2018 21:59	10556	13806.3	21.27				
1030	8/6/2018 22:29	10668.9	13948.1	21.27				
1031	8/6/2018 22:59	10666.2	14151.8	21.27				
1032	8/6/2018 23:29	11029.1	14339.6	21.28				
1033	8/6/2018 23:59	10916.8	14523.1	21.28				
1034	8/7/2018 0:29	11386.4	14683.6	21.28				
1035	8/7/2018 0:59	11063	14811.8	21.29				
1036	8/7/2018 1:29	11174.2	14995.4	21.29				
1037	8/7/2018 1:59	11149.4	15231.9	21.29				
1038	8/7/2018 2:29	11364.1	15386.8	21.31				
1039	8/7/2018 2:59	11372.5	15619.9	21.31				
1040	8/7/2018 3:29	11457.4	15855.7	21.32				
1041	8/7/2018 3:59	11762.4	16085.2	21.32				
1042	8/7/2018 4:29	11567	16304.2	21.33				
1043	8/7/2018 4:59	11894.6	16553.8	21.33				
1044	8/7/2018 5:29	12021	16764.9	21.34				
1045	8/7/2018 5:59	12039.2	17039.2	21.35				
1046	8/7/2018 6:29	11926.2	17271.5	21.36				
1047	8/7/2018 6:59	12072.9	17509.2	21.36				
1048	8/7/2018 7:29	12363.5	17900.7	21.36				
1049	8/7/2018 7:59	12159.7	18213.6	21.36				
1050	8/7/2018 8:29	12228.4	18419.6	21.38				
1051	8/7/2018 8:59	12427	18762.9	21.38				
1052	8/7/2018 9:29	12710.6	19188.3	21.39				
1053	8/7/2018 9:59	13007.9	19406.6	21.39				
1054	8/7/2018 10:29	12793	19805	21.39				
1055	8/7/2018 10:59	12963.7	20138.9	21.39				
1056	8/7/2018 11:29	12721.5	20451.8	21.4				
1057	8/7/2018 11:59	13691.1	20790.5	21.4				
1058	8/7/2018 12:29	14263.3	21172.7	21.4				
1059	8/7/2018 12:59	14474.3	21424.4	21.41				
1060	8/7/2018 13:29	14068.9	21696.1	21.4				
1061	8/7/2018 13:59	14620.4	22189.4	21.4				
1062	8/7/2018 14:29	14419.8	22374	21.4				
1063	8/7/2018 14:59	14368.6	22654.6	21.4				
1064	8/7/2018 15:29	14664.6	22982.8	21.41				
1065	8/7/2018 15:59	14982.9	23369.3	21.41				
1066	8/7/2018 16:29	14764.1	23620.9	21.41				
1067	8/7/2018 16:59	14944.7	23950.7	21.41				
1068	8/7/2018 17:29	14815.1	24141.5	21.41				
1069	8/7/2018 17:59	15374.4	24773.3	21.41				
1070	8/7/2018 18:29	15234.7	24868.9	21.41				
1071	8/7/2018 18:59	14676.4	25493.6	21.41				
1072	8/7/2018 19:29	15989.2	25885.6	21.42				
1073	8/7/2018 19:59	15227	26069.1	21.42				
1074	8/7/2018 20:29	15260.2	26654.7	21.42				
1075	8/7/2018 20:59	16134.5	27057	21.42				
1076	8/7/2018 21:29	15647.2	27291.2	21.43				
1077	8/7/2018 21:59	16205.7	27750.1	21.43				
1078	8/7/2018 22:29	16914.1	28403.4	21.43				
1079	8/7/2018 22:59	16759.5	28794.3	21.43				
1080	8/7/2018 23:29	16486.9	29313.2	21.45				
1081	8/7/2018 23:59	16975.8	29779.5	21.45				
1082	8/8/2018 0:29	17647.2	30357.7	21.45				
1083	8/8/2018 0:59	17914.4	30994.8	21.46				
1084	8/8/2018 1:29	17758.4	31422.5	21.46				
1085	8/8/2018 1:59	18044.2	31894.7	21.47				
1086	8/8/2018 2:29	18102.5	32682.1	21.47				
1087	8/8/2018 2:59	18215.8	33192.6	21.47				
1088	8/8/2018 3:29	19414.4	34145.9	21.47				
1089	8/8/2018 3:59	19436.7	34697.7	21.48				
1090	8/8/2018 4:29	18927	34999.4	21.48				
1091	8/8/2018 4:59	19523.3	35762.4	21.49				
1092	8/8/2018 5:29	19978.4	36391.3	21.49				
1093	8/8/2018 5:59	17839.4	37123	21.49				
1094	8/8/2018 6:29	20409.2	37962.6	21.5				
1095	8/8/2018 6:59	18878.3	38568.4	21.5				
1096	8/8/2018 7:29	19786.3	38924.8	21.52				
1097	8/8/2018 7:59	19765.1	39494	21.5				
1098	8/8/2018 8:29	19789	39932	21.52				
1099	8/8/2018 8:59	18925.7	40939.6	21.52				
1100	8/8/2018 9:29	17454	40140.3	21.52				
1101	8/8/2018 9:59	20857.3	43069.3	21.52				
1102	8/8/2018 10:29	20367	43883.9	21.53				
1103	8/8/2018 10:59	20368.3	44305.3	21.53				
1104	8/8/2018 11:29	18592.9	44417	21.53				
1105	8/8/2018 11:59	21050.9	45679.5	21.53				
1106	8/8/2018 12:29	18787.5	46846.1	21.53				
1107	8/8/2018 12:59	20414.6	47693.9	21.53				
1108	8/8/2018 13:29	19464.2	47759.1	21.54				
1109	8/8/2018 13:59	19102.2	48808.6	21.53				
1110	8/8/2018 14:29	20786.7	50305.4	21.54				
1111	8/8/2018 14:59	21025.7	50743.3	21.54				
1112	8/8/2018 15:29	20577.3	50834.1	21.54				
1113	8/8/2018 15:59	21445.4	52359.7	21.53				
1114	8/8/2018 16:29	21725.4	52843.6	21.53				
1115	8/8/2018 16:59	19514.1	53466.1	21.54				
1116	8/8/2018 17:29	20308.6	53487	21.53				
1117	8/8/2018 17:59	21878.1	54576.4	21.54				
1118	8/8/2018 18:29	22695.3	55183.6	21.53				
1119	8/8/2018 18:59	23825.4	55183.6	21.54				
1120	8/8/2018 19:29	23607.2	55183.6	21.54				
1121	8/8/2018 19:59	22248.1	55183.6	21.53				
1122	8/8/2018 20:29	23297.4	55183.6	21.54				
1123	8/8/2018 20:59	20269.3	55183.6	21.53				
1124	8/8/2018 21:29	22744.6	55183.6	21.54				
1125	8/8/2018 21:59	23000.5	55183.6	21.54				
1126	8/8/2018 22:29	20721.7	55183.6	21.54				
1127	8/8/2018 22:59	22824.1	55183.6	21.54				
1128	8/8/2018 23:29	21027.1	55183.6	21.54				
1129	8/8/2018 23:59	21415.6	55183.6	21.55				
1130	8/9/2018 0:29	18945	55183.6	21.55				
1131	8/9/2018 0:59	20517	55183.6	21.55				
1132	8/9/2018 1:29	21268.5	55183.6	21.55				
1133	8/9/2018 1:59	22211.4	55183.6	21.56				
1134	8/9/2018 2:29	22292.1	55183.6	21.56				
1135	8/9/2018 2:59	19974.3	55183.6	21.57				
1136	8/9/2018 3:29	21894	55183.6	21.57				
1137	8/9/2018 3:59	21791.6	55183.6	21.57				
1138	8/9/2018 4:29	22756.6	55183.6	21.57				
1139	8/9/2018 4:59	24034.5	55183.6	21.57				
1140	8/9/2018 5:29	23939.9	55183.6	21.58				
1141	8/9/2018 5:59	23844.2	55183.6	21.6				
1142	8/9/2018 6:29	22075.5	55183.6	21.6				
1143	8/9/2018 6:59	23688	55183.6	21.61				
1144	8/9/2018 7:29	24250.2	55183.6	21.61				
1145	8/9/2018 7:59	24541.8	55183.6	21.6				
1146	8/9/2018 8:29	25320.1	55183.6	21.61				
1147	8/9/2018 8:59	20961.5	55183.6	21.62				
1148	8/9/2018 9:29	23204.2	55183.6	21.62				
1149	8/9/2018 9:59	22283.3	55183.6	21.63				
1150	8/9/2018 10:29	25245.2	55183.6	21.63				
1151	8/9/2018 10:59	17066.2	55183.6	21.63				
1152	8/9/2018 11:29	20892	55183.6	21.63				
1153	8/9/2018 11:59	20420.1	55183.6	21.63				
1154	8/9/2018 12:29	21787.2	55183.6	21.63				
1155	8/9/2018 12:59	23731.7	55183.6	21.64				
1156	8/9/2018 13:29	26439.7	55183.6	21.64				
1157	8/9/2018 13:59	26637.6	55183.6	21.64				
1158	8/9/2018 14:29	24715	55183.6	21.65				
1159	8/9/2018 14:59	28222.5	55183.6	21.64				
1160	8/9/2018 15:18					Logged		
1161	8/9/2018 15:18						Logged	Logged
