#,"Date Time, GMT-04:00","Temp, °C (LGR S/N: 20377498, SEN S/N: 20353471)","Temp, °C (LGR S/N: 20377498, SEN S/N: 20353472)","Temp, °C (LGR S/N: 20377498, SEN S/N: 20362711)","Temp, °C (LGR S/N: 20377498, SEN S/N: 20362712)","Temp, °C (LGR S/N: 20377498, SEN S/N: 20372264)","Temp, °C (LGR S/N: 20377498, SEN S/N: 20372265)","Water Content, m³/m³ (LGR S/N: 20377498, SEN S/N: 20378026)","Water Content, m³/m³ (LGR S/N: 20377498, SEN S/N: 20378027)","Temp, °C (LGR S/N: 20377498, SEN S/N: 20378787)","RH, % (LGR S/N: 20377498, SEN S/N: 20378787)"
1,6/12/2018 13:53,18.771,17.368,19.199,17.962,20.174,17.32,0.2736,0.4088,22.178,58.2
2,6/12/2018 14:08,19.056,17.391,19.175,18.01,20.174,17.344,0.2746,0.4195,22.321,57.9
3,6/12/2018 14:23,19.436,17.415,19.151,18.01,20.15,17.344,0.2753,0.4195,22.417,56.5
4,6/12/2018 14:38,19.436,17.439,19.127,18.033,20.126,17.391,0.2759,0.4195,22.321,56.2
5,6/12/2018 14:53,19.532,17.463,19.127,18.057,20.079,17.415,0.2763,0.4188,22.513,57.8
6,6/12/2018 15:08,19.484,17.463,19.103,18.057,20.055,17.439,0.2766,0.4188,22.681,56.8
7,6/12/2018 15:23,19.579,17.486,19.103,18.081,20.007,17.463,0.277,0.4188,22.657,58.9
8,6/12/2018 15:38,19.674,17.51,19.103,18.081,19.984,17.486,0.277,0.4188,22.753,58.6
9,6/12/2018 15:53,19.698,17.534,19.103,18.105,20.031,17.51,0.2773,0.4181,22.657,61.3
10,6/12/2018 16:08,19.746,17.534,19.127,18.105,20.055,17.534,0.2773,0.4188,22.968,59.8
11,6/12/2018 16:23,19.888,17.558,19.127,18.105,20.079,17.558,0.2776,0.4181,22.92,59.5
12,6/12/2018 16:38,19.817,17.582,19.127,18.129,20.079,17.582,0.278,0.4174,22.872,59.4
13,6/12/2018 16:53,19.912,17.605,19.127,18.152,20.055,17.605,0.2783,0.4181,22.393,60.5
14,6/12/2018 17:08,19.77,17.605,19.151,18.152,20.055,17.629,0.2783,0.4236,22.441,60
15,6/12/2018 17:23,19.579,17.629,19.151,18.152,20.007,17.653,0.2786,0.4214,22.321,61
16,6/12/2018 17:38,19.341,17.629,19.151,18.176,19.984,17.677,0.2786,0.4209,22.106,62
17,6/12/2018 17:53,19.508,17.653,19.127,18.2,19.912,17.701,0.2786,0.4202,22.513,62.9
18,6/12/2018 18:08,19.579,17.677,19.103,18.2,19.888,17.724,0.2786,0.4195,22.369,64
19,6/12/2018 18:23,19.555,17.701,19.103,18.2,19.865,17.748,0.279,0.4195,22.106,64.3
20,6/12/2018 18:38,19.555,17.701,19.08,18.2,19.817,17.748,0.279,0.4188,21.987,67.3
21,6/12/2018 18:53,19.413,17.724,19.08,18.224,19.817,17.772,0.2793,0.4195,21.748,65.9
22,6/12/2018 19:08,19.27,17.724,19.056,18.224,19.77,17.796,0.2793,0.4195,21.557,66.8
23,6/12/2018 19:23,19.151,17.724,19.032,18.224,19.722,17.796,0.2793,0.4188,21.533,66.2
24,6/12/2018 19:38,19.008,17.748,19.008,18.247,19.674,17.819,0.2793,0.4188,21.461,66.8
25,6/12/2018 19:53,18.818,17.748,18.961,18.247,19.627,17.843,0.2793,0.4188,20.889,70.1
26,6/12/2018 20:08,18.675,17.772,18.937,18.247,19.555,17.867,0.2793,0.4188,20.341,73.5
27,6/12/2018 20:23,18.628,17.772,18.889,18.247,19.484,17.867,0.2793,0.4195,20.222,74.2
28,6/12/2018 20:38,18.604,17.772,18.866,18.247,19.413,17.867,0.2796,0.4195,20.103,76.2
29,6/12/2018 20:53,18.58,17.772,18.818,18.247,19.365,17.891,0.2796,0.4195,19.77,80.1
30,6/12/2018 21:08,18.557,17.772,18.794,18.247,19.341,17.915,0.2796,0.4195,19.603,81.3
31,6/12/2018 21:23,18.533,17.772,18.771,18.247,19.294,17.915,0.28,0.4202,19.508,84.1
32,6/12/2018 21:38,18.509,17.772,18.747,18.247,19.246,17.915,0.28,0.4195,19.46,83.2
33,6/12/2018 21:53,18.485,17.772,18.723,18.247,19.199,17.938,0.28,0.4195,19.389,84.6
34,6/12/2018 22:08,18.461,17.772,18.699,18.224,19.175,17.938,0.28,0.4202,19.341,83.8
35,6/12/2018 22:23,18.39,17.772,18.675,18.224,19.127,17.938,0.28,0.4209,19.246,84.6
36,6/12/2018 22:38,18.366,17.772,18.652,18.224,19.103,17.938,0.28,0.4209,19.199,84
37,6/12/2018 22:53,18.343,17.772,18.652,18.224,19.056,17.962,0.28,0.4209,19.151,85.7
38,6/12/2018 23:08,18.319,17.772,18.628,18.224,19.032,17.962,0.2803,0.4209,19.103,86.2
39,6/12/2018 23:23,18.319,17.772,18.604,18.224,18.985,17.962,0.2803,0.4214,19.103,87
40,6/12/2018 23:38,18.319,17.748,18.58,18.2,18.961,17.962,0.2803,0.4214,19.103,87.6
41,6/12/2018 23:53,18.319,17.748,18.58,18.2,18.937,17.962,0.2803,0.4214,19.08,88
42,6/13/2018 0:08,18.319,17.748,18.557,18.2,18.913,17.962,0.2803,0.4214,19.151,88
43,6/13/2018 0:23,18.319,17.748,18.557,18.2,18.889,17.962,0.2803,0.4222,19.08,89
44,6/13/2018 0:38,18.319,17.748,18.533,18.2,18.866,17.962,0.2803,0.4214,19.103,89.5
45,6/13/2018 0:53,18.319,17.748,18.533,18.176,18.866,17.962,0.2806,0.4222,19.056,90.1
46,6/13/2018 1:08,18.319,17.748,18.533,18.176,18.842,17.962,0.2806,0.4222,19.032,90.2
47,6/13/2018 1:23,18.295,17.748,18.509,18.176,18.818,17.962,0.2803,0.4229,19.056,90
48,6/13/2018 1:38,18.271,17.748,18.509,18.176,18.794,17.962,0.2803,0.4229,18.961,90.8
49,6/13/2018 1:53,18.247,17.748,18.485,18.176,18.771,17.962,0.2806,0.4236,18.866,92.1
50,6/13/2018 2:08,18.224,17.724,18.485,18.176,18.771,17.962,0.2806,0.4236,18.794,92.2
51,6/13/2018 2:23,18.2,17.724,18.485,18.152,18.723,17.962,0.2806,0.4243,18.723,92.8
52,6/13/2018 2:38,18.176,17.724,18.461,18.152,18.723,17.962,0.2806,0.4243,18.652,93.4
53,6/13/2018 2:53,18.152,17.724,18.461,18.152,18.699,17.962,0.281,0.4243,18.604,93.5
54,6/13/2018 3:08,18.176,17.724,18.438,18.152,18.675,17.962,0.281,0.4243,18.628,93.7
55,6/13/2018 3:23,18.176,17.724,18.438,18.129,18.652,17.962,0.281,0.425,18.628,93.9
56,6/13/2018 3:38,18.176,17.724,18.414,18.129,18.628,17.962,0.281,0.425,18.675,94.1
57,6/13/2018 3:53,18.176,17.724,18.414,18.129,18.628,17.962,0.281,0.4255,18.699,94.1
58,6/13/2018 4:08,18.152,17.724,18.414,18.129,18.604,17.938,0.281,0.4262,18.699,94.4
59,6/13/2018 4:23,18.152,17.724,18.414,18.129,18.604,17.938,0.281,0.4269,18.699,94.7
60,6/13/2018 4:38,18.2,17.724,18.39,18.129,18.58,17.938,0.281,0.4276,18.771,94.7
61,6/13/2018 4:53,18.2,17.724,18.39,18.105,18.58,17.938,0.281,0.4284,18.794,94.8
62,6/13/2018 5:08,18.224,17.701,18.39,18.105,18.557,17.938,0.281,0.4291,18.842,95.2
63,6/13/2018 5:23,18.247,17.701,18.39,18.105,18.557,17.938,0.2813,0.4298,18.937,95.3
64,6/13/2018 5:38,18.247,17.701,18.39,18.105,18.557,17.938,0.281,0.4305,18.961,95.7
65,6/13/2018 5:53,18.271,17.701,18.39,18.105,18.557,17.915,0.281,0.4305,18.961,96
66,6/13/2018 6:08,18.271,17.701,18.39,18.105,18.533,17.915,0.281,0.431,18.961,95.9
67,6/13/2018 6:23,18.295,17.701,18.39,18.105,18.533,17.915,0.281,0.4325,18.961,96.2
68,6/13/2018 6:38,18.414,17.701,18.39,18.105,18.533,17.915,0.2813,0.4339,19.032,95.8
69,6/13/2018 6:53,18.675,17.701,18.414,18.105,18.533,17.915,0.2813,0.4339,19.199,95.5
70,6/13/2018 7:08,18.771,17.701,18.414,18.105,18.557,17.915,0.2813,0.4346,19.27,95.2
71,6/13/2018 7:23,18.889,17.701,18.438,18.105,18.604,17.915,0.2813,0.4346,19.389,95.1
72,6/13/2018 7:38,19.246,17.701,18.485,18.105,18.628,17.915,0.2813,0.4353,19.603,94.6
73,6/13/2018 7:53,20.222,17.701,18.509,18.105,18.675,17.891,0.2813,0.4353,20.103,93.5
74,6/13/2018 8:08,20.436,17.701,18.58,18.105,18.771,17.891,0.2813,0.4353,20.531,92.8
75,6/13/2018 8:23,20.388,17.701,18.675,18.105,18.889,17.891,0.2813,0.4353,20.889,91.1
76,6/13/2018 8:38,20.388,17.701,18.747,18.105,19.008,17.891,0.2813,0.4353,20.841,91.5
77,6/13/2018 8:53,20.96,17.724,18.818,18.129,19.103,17.891,0.2813,0.4353,21.294,90.5
78,6/13/2018 9:08,21.581,17.724,18.889,18.129,19.222,17.891,0.2813,0.4353,21.724,88.9
79,6/13/2018 9:23,21.509,17.748,18.985,18.152,19.341,17.891,0.2817,0.4353,22.058,87.4
80,6/13/2018 9:38,21.27,17.772,19.08,18.152,19.46,17.891,0.2813,0.4346,22.178,87.2
81,6/13/2018 9:53,21.533,17.796,19.175,18.176,19.579,17.891,0.2813,0.4346,22.369,87.9
82,6/13/2018 10:08,21.724,17.819,19.294,18.2,19.722,17.891,0.2813,0.4339,22.489,87
83,6/13/2018 10:23,22.345,17.843,19.389,18.224,19.841,17.891,0.2817,0.4339,23.328,84.2
84,6/13/2018 10:38,22.633,17.843,19.484,18.247,19.96,17.915,0.2817,0.4332,24.315,79.4
85,6/13/2018 10:53,23.088,17.891,19.603,18.295,20.126,17.915,0.2813,0.4325,24.557,80.3
86,6/13/2018 11:08,24.146,17.915,19.77,18.319,20.388,17.915,0.2817,0.4325,24.243,80.7
87,6/13/2018 11:23,23.545,17.938,19.912,18.343,20.627,17.938,0.2817,0.4284,24.847,78.4
88,6/13/2018 11:38,23.617,17.962,20.007,18.39,20.913,17.938,0.2817,0.4269,25.065,78.5
89,6/13/2018 11:53,23.352,18.01,20.055,18.414,21.628,17.962,0.2817,0.4243,25.598,77.3
90,6/13/2018 12:08,23.256,18.057,20.126,18.461,22.178,17.962,0.2817,0.4229,25.38,78
91,6/13/2018 12:23,23.472,18.081,20.222,18.485,22.441,17.986,0.2813,0.4214,25.72,76.7
92,6/13/2018 12:38,23.28,18.129,20.46,18.533,22.585,18.01,0.2817,0.4214,25.695,75.2
93,6/13/2018 12:53,28.916,18.176,20.698,18.58,22.585,18.033,0.2817,0.4209,26.549,72.4
94,6/13/2018 13:08,25.113,18.2,20.817,18.628,22.537,18.057,0.2817,0.4195,26.94,71.1
95,6/13/2018 13:23,24.363,18.247,20.865,18.675,22.537,18.081,0.2817,0.4188,26.378,73
96,6/13/2018 13:38,24.122,18.295,20.889,18.723,22.561,18.129,0.2817,0.4162,26.207,77.4
97,6/13/2018 13:53,24.05,18.343,20.913,18.771,22.585,18.152,0.2817,0.4135,26.256,76.1
98,6/13/2018 14:08,23.954,18.39,20.936,18.818,22.633,18.2,0.2817,0.4102,25.963,80.3
99,6/13/2018 14:23,23.833,18.438,20.96,18.866,22.633,18.224,0.2821,0.4095,25.72,80.3
100,6/13/2018 14:38,24.002,18.485,20.984,18.889,22.633,18.271,0.2821,0.4081,26.451,80.6
101,6/13/2018 14:53,23.881,18.533,21.032,18.937,22.657,18.295,0.2821,0.4029,26.671,77.8
102,6/13/2018 15:08,23.785,18.557,21.056,18.961,22.681,18.343,0.2821,0.3927,25.963,80.3
103,6/13/2018 15:23,23.641,18.604,21.079,19.008,22.681,18.39,0.2821,0.3872,25.695,81.5
104,6/13/2018 15:38,23.785,18.628,21.103,19.032,22.681,18.414,0.2821,0.3847,25.89,82
105,6/13/2018 15:53,23.737,18.675,21.127,19.08,22.705,18.461,0.2821,0.3816,26.182,81.3
106,6/13/2018 16:08,23.713,18.699,21.151,19.103,22.729,18.485,0.2821,0.3816,26.036,81.8
107,6/13/2018 16:23,23.617,18.723,21.175,19.151,22.729,18.533,0.2821,0.3758,26.036,81.5
108,6/13/2018 16:38,23.424,18.771,21.199,19.175,22.729,18.557,0.2821,0.3711,25.817,82.7
109,6/13/2018 16:53,23.208,18.794,21.199,19.199,22.705,18.604,0.2824,0.3705,25.355,84.3
110,6/13/2018 17:08,23.064,18.818,21.175,19.222,22.681,18.628,0.2821,0.3762,25.258,85.6
111,6/13/2018 17:23,22.896,18.842,21.175,19.246,22.633,18.675,0.2821,0.3705,25.065,85.4
112,6/13/2018 17:38,22.872,18.866,21.151,19.27,22.585,18.699,0.2824,0.3683,25.089,85.9
113,6/13/2018 17:53,22.992,18.866,21.127,19.294,22.561,18.723,0.2824,0.3666,25.283,85.3
114,6/13/2018 18:08,22.872,18.889,21.127,19.318,22.537,18.771,0.2824,0.3643,25.307,85.3
115,6/13/2018 18:23,22.824,18.913,21.127,19.341,22.513,18.794,0.2824,0.3632,25.283,85.1
116,6/13/2018 18:38,22.729,18.937,21.127,19.365,22.489,18.818,0.2824,0.3622,25.331,84.8
117,6/13/2018 18:53,22.633,18.937,21.103,19.389,22.465,18.866,0.2824,0.3611,25.21,85.6
118,6/13/2018 19:08,22.537,18.961,21.103,19.389,22.417,18.889,0.2824,0.3605,25.137,85.9
119,6/13/2018 19:23,22.393,18.961,21.079,19.413,22.393,18.913,0.2824,0.3605,25.016,86.5
120,6/13/2018 19:38,22.25,18.985,21.056,19.413,22.345,18.937,0.2824,0.36,24.774,88
121,6/13/2018 19:53,22.106,19.008,21.056,19.436,22.298,18.961,0.2824,0.36,24.484,88.9
122,6/13/2018 20:08,21.963,19.008,21.008,19.46,22.25,18.985,0.2824,0.3605,24.315,89.4
123,6/13/2018 20:23,21.843,19.008,20.984,19.46,22.202,19.008,0.2827,0.3605,24.171,89.9
124,6/13/2018 20:38,21.724,19.032,20.936,19.46,22.154,19.032,0.2824,0.3611,23.978,90.3
125,6/13/2018 20:53,21.628,19.032,20.913,19.484,22.082,19.032,0.2827,0.3622,23.737,91.1
126,6/13/2018 21:08,21.557,19.032,20.865,19.484,22.034,19.056,0.2824,0.3632,23.689,91.5
127,6/13/2018 21:23,21.509,19.032,20.841,19.484,21.963,19.08,0.2827,0.3649,23.497,91.6
128,6/13/2018 21:38,21.461,19.056,20.817,19.484,21.915,19.103,0.2824,0.3666,23.545,91.4
129,6/13/2018 21:53,21.413,19.056,20.77,19.508,21.867,19.103,0.2827,0.3688,23.448,92.1
130,6/13/2018 22:08,21.366,19.056,20.77,19.508,21.819,19.127,0.2827,0.3711,23.4,92.2
131,6/13/2018 22:23,21.318,19.056,20.722,19.508,21.772,19.151,0.2827,0.3729,23.4,92.2
132,6/13/2018 22:38,21.294,19.056,20.698,19.508,21.724,19.151,0.2827,0.3751,23.376,92.2
133,6/13/2018 22:53,21.246,19.056,20.698,19.508,21.676,19.175,0.2827,0.378,23.328,92.4
134,6/13/2018 23:08,21.223,19.056,20.674,19.508,21.628,19.175,0.2824,0.3811,23.328,92.3
135,6/13/2018 23:23,21.175,19.056,20.65,19.508,21.581,19.199,0.2827,0.3829,23.208,92.8
136,6/13/2018 23:38,21.175,19.056,20.627,19.508,21.557,19.199,0.2827,0.3859,23.232,93.1
137,6/13/2018 23:53,21.151,19.056,20.603,19.508,21.533,19.199,0.2827,0.3883,23.256,92.8
138,6/14/2018 0:08,21.103,19.056,20.579,19.484,21.485,19.222,0.2827,0.3902,23.256,92.8
139,6/14/2018 0:23,21.079,19.056,20.579,19.484,21.461,19.222,0.2827,0.3934,23.232,93
140,6/14/2018 0:38,21.056,19.056,20.555,19.484,21.413,19.246,0.2827,0.3959,23.16,93
141,6/14/2018 0:53,21.056,19.032,20.555,19.484,21.39,19.246,0.283,0.3978,23.112,93.3
142,6/14/2018 1:08,21.008,19.056,20.531,19.484,21.366,19.246,0.2827,0.3997,23.04,93.6
143,6/14/2018 1:23,21.008,19.032,20.531,19.484,21.342,19.246,0.283,0.401,22.992,93.5
144,6/14/2018 1:38,20.984,19.032,20.507,19.484,21.318,19.246,0.2827,0.4029,22.992,93.5
145,6/14/2018 1:53,20.984,19.032,20.484,19.484,21.294,19.246,0.283,0.4048,22.992,93.6
146,6/14/2018 2:08,20.984,19.032,20.484,19.484,21.246,19.27,0.283,0.4069,22.968,93.6
147,6/14/2018 2:23,20.96,19.032,20.484,19.484,21.246,19.27,0.283,0.4088,22.944,93.5
148,6/14/2018 2:38,20.96,19.032,20.46,19.484,21.223,19.27,0.283,0.4107,22.896,94.2
149,6/14/2018 2:53,20.984,19.032,20.46,19.484,21.199,19.27,0.283,0.4114,23.16,93.3
150,6/14/2018 3:08,20.96,19.032,20.46,19.484,21.175,19.27,0.2827,0.4128,23.04,93.2
151,6/14/2018 3:23,20.96,19.032,20.46,19.484,21.175,19.27,0.283,0.4135,23.088,93.1
152,6/14/2018 3:38,21.008,19.032,20.436,19.484,21.151,19.27,0.2827,0.4141,23.881,89.5
153,6/14/2018 3:53,21.032,19.032,20.436,19.484,21.151,19.27,0.283,0.4141,23.905,88.7
154,6/14/2018 4:08,21.056,19.032,20.436,19.484,21.151,19.27,0.283,0.4141,23.713,89
155,6/14/2018 4:23,21.056,19.032,20.436,19.46,21.127,19.27,0.283,0.4148,23.978,85.6
156,6/14/2018 4:38,21.032,19.032,20.436,19.46,21.127,19.27,0.2827,0.4148,24.026,83.9
157,6/14/2018 4:53,21.008,19.032,20.46,19.484,21.127,19.27,0.283,0.4155,24.026,81.9
158,6/14/2018 5:08,20.96,19.032,20.436,19.484,21.103,19.27,0.283,0.4148,23.857,81.5
159,6/14/2018 5:23,20.936,19.032,20.436,19.46,21.103,19.27,0.283,0.4148,23.737,80.8
160,6/14/2018 5:38,20.889,19.032,20.412,19.484,21.079,19.27,0.283,0.4155,23.641,79.7
161,6/14/2018 5:53,20.841,19.032,20.412,19.484,21.079,19.27,0.283,0.4162,23.569,79.9
162,6/14/2018 6:08,20.841,19.032,20.388,19.46,21.056,19.27,0.283,0.4162,23.4,79.8
163,6/14/2018 6:23,20.865,19.032,20.388,19.484,21.032,19.27,0.283,0.4162,23.232,79.4
164,6/14/2018 6:38,21.008,19.032,20.388,19.46,21.032,19.27,0.283,0.4162,23.256,78.2
165,6/14/2018 6:53,21.342,19.032,20.388,19.484,21.032,19.27,0.283,0.4162,23.136,78.6
166,6/14/2018 7:08,21.437,19.032,20.388,19.46,21.056,19.27,0.283,0.4155,23.472,76.8
167,6/14/2018 7:23,21.39,19.032,20.412,19.46,21.079,19.27,0.283,0.4155,23.4,73.8
168,6/14/2018 7:38,21.533,19.032,20.436,19.46,21.127,19.27,0.283,0.4155,23.064,66.6
169,6/14/2018 7:53,22.872,19.032,20.436,19.46,21.127,19.27,0.283,0.4148,23.04,63.7
170,6/14/2018 8:08,21.604,19.056,20.412,19.46,21.151,19.27,0.283,0.4135,23.304,56.7
171,6/14/2018 8:23,21.557,19.056,20.412,19.46,21.175,19.27,0.283,0.4074,23.304,55.5
172,6/14/2018 8:38,21.533,19.056,20.412,19.46,21.199,19.27,0.283,0.3978,23.641,55.9
173,6/14/2018 8:53,21.461,19.056,20.412,19.46,21.27,19.27,0.283,0.384,23.665,54.7
174,6/14/2018 9:08,22.274,19.056,20.436,19.484,21.294,19.27,0.2827,0.3793,23.521,56.8
175,6/14/2018 9:23,22.058,19.08,20.46,19.46,21.318,19.27,0.283,0.3734,24.026,54.8
176,6/14/2018 9:38,21.819,19.08,20.507,19.484,21.39,19.27,0.283,0.3666,24.388,51.5
177,6/14/2018 9:53,21.939,19.08,20.555,19.484,21.437,19.27,0.283,0.359,24.508,49.6
178,6/14/2018 10:08,21.748,19.08,20.65,19.484,21.485,19.294,0.283,0.3531,24.532,46.9
179,6/14/2018 10:23,21.795,19.103,20.65,19.484,21.533,19.294,0.283,0.3466,24.219,44.3
180,6/14/2018 10:38,21.7,19.103,20.65,19.484,21.533,19.294,0.283,0.3437,23.569,49.3
181,6/14/2018 10:53,22.034,19.103,20.627,19.508,21.533,19.294,0.283,0.3412,23.641,49.2
182,6/14/2018 11:08,24.557,19.127,20.65,19.508,21.581,19.294,0.283,0.3403,24.171,49.4
183,6/14/2018 11:23,22.92,19.127,20.746,19.508,21.676,19.294,0.2827,0.338,24.992,46.9
184,6/14/2018 11:38,22.776,19.127,20.817,19.532,21.772,19.294,0.2827,0.3371,25.598,45.8
185,6/14/2018 11:53,22.369,19.151,20.817,19.532,22.369,19.294,0.283,0.3361,25.89,46.7
186,6/14/2018 12:08,22.058,19.151,20.817,19.555,22.968,19.318,0.2827,0.3357,25.987,38.9
187,6/14/2018 12:23,22.082,19.175,20.841,19.555,23.328,19.318,0.283,0.3348,26.451,37.8
188,6/14/2018 12:38,22.13,19.199,21.127,19.579,23.472,19.318,0.2827,0.3339,26.598,33.8
189,6/14/2018 12:53,28.122,19.199,21.581,19.603,23.376,19.341,0.2827,0.3339,27.112,39.5
190,6/14/2018 13:08,23.641,19.222,21.676,19.627,23.232,19.341,0.2827,0.333,27.333,36.9
191,6/14/2018 13:23,22.8,19.222,21.604,19.651,23.136,19.365,0.2827,0.3326,27.407,35.3
192,6/14/2018 13:38,22.489,19.246,21.509,19.698,23.088,19.389,0.2827,0.3308,27.333,34.8
193,6/14/2018 13:53,22.202,19.27,21.413,19.722,23.16,19.389,0.2827,0.3304,27.53,36.9
194,6/14/2018 14:08,22.106,19.294,21.342,19.746,23.136,19.413,0.2827,0.3299,27.579,38
195,6/14/2018 14:23,22.202,19.318,21.294,19.746,23.064,19.436,0.2827,0.3295,27.333,36.1
196,6/14/2018 14:38,21.915,19.318,21.246,19.77,22.968,19.46,0.2827,0.3286,27.505,34.1
197,6/14/2018 14:53,22.082,19.341,21.199,19.793,22.896,19.484,0.2827,0.3286,27.677,34.5
198,6/14/2018 15:08,21.891,19.341,21.199,19.793,22.848,19.508,0.2827,0.3282,27.628,36
199,6/14/2018 15:23,21.772,19.365,21.175,19.793,22.776,19.532,0.2827,0.3274,27.456,35.5
200,6/14/2018 15:38,21.795,19.365,21.175,19.817,22.753,19.532,0.2824,0.3265,27.677,35.9
201,6/14/2018 15:53,21.772,19.365,21.175,19.817,22.824,19.555,0.2824,0.3261,27.53,36.9
202,6/14/2018 16:08,21.939,19.365,21.175,19.817,22.848,19.579,0.2827,0.3252,27.628,35.4
203,6/14/2018 16:23,21.819,19.389,21.151,19.841,22.8,19.603,0.2827,0.3252,27.727,36.2
204,6/14/2018 16:38,21.676,19.389,21.127,19.841,22.776,19.603,0.2827,0.3249,27.382,37.9
205,6/14/2018 16:53,21.724,19.389,21.127,19.841,22.729,19.627,0.2827,0.3244,27.53,36.9
206,6/14/2018 17:08,21.581,19.389,21.127,19.865,22.681,19.651,0.2824,0.324,27.505,37.1
207,6/14/2018 17:23,21.533,19.389,21.103,19.865,22.609,19.651,0.2824,0.324,27.087,39.5
208,6/14/2018 17:38,21.557,19.413,21.079,19.865,22.561,19.674,0.2827,0.3235,26.744,43
209,6/14/2018 17:53,21.485,19.413,21.056,19.865,22.513,19.698,0.2827,0.3235,27.554,35.4
210,6/14/2018 18:08,21.318,19.413,21.032,19.865,22.465,19.698,0.2827,0.3231,27.308,35.9
211,6/14/2018 18:23,21.413,19.413,21.008,19.888,22.393,19.722,0.2824,0.3231,26.524,43.2
212,6/14/2018 18:38,21.294,19.413,20.96,19.888,22.345,19.722,0.2824,0.3231,27.284,34.9
213,6/14/2018 18:53,21.199,19.413,20.936,19.888,22.298,19.746,0.2824,0.3228,26.622,42.5
214,6/14/2018 19:08,21.246,19.413,20.913,19.865,22.25,19.746,0.2824,0.3228,25.72,49.8
215,6/14/2018 19:23,21.056,19.413,20.889,19.888,22.202,19.746,0.2824,0.3228,25.331,44.6
216,6/14/2018 19:38,20.936,19.413,20.865,19.865,22.13,19.77,0.2824,0.3223,24.823,48
217,6/14/2018 19:53,20.793,19.413,20.817,19.888,22.082,19.77,0.2824,0.3223,24.605,47.3
218,6/14/2018 20:08,20.627,19.413,20.77,19.865,22.011,19.77,0.2824,0.3219,24.05,52.2
219,6/14/2018 20:23,20.46,19.413,20.722,19.865,21.939,19.793,0.2824,0.3223,23.617,54
220,6/14/2018 20:38,20.293,19.413,20.674,19.865,21.843,19.793,0.2824,0.3223,23.016,58.5
221,6/14/2018 20:53,20.126,19.389,20.603,19.865,21.772,19.793,0.2824,0.3219,22.417,63.9
222,6/14/2018 21:08,20.031,19.389,20.555,19.841,21.676,19.793,0.2824,0.3219,22.082,63.2
223,6/14/2018 21:23,19.96,19.389,20.507,19.841,21.604,19.793,0.2824,0.3223,21.7,66.1
224,6/14/2018 21:38,19.793,19.389,20.46,19.817,21.509,19.817,0.2824,0.3223,21.27,67.7
225,6/14/2018 21:53,19.746,19.365,20.388,19.817,21.437,19.817,0.2824,0.3223,21.127,69.8
226,6/14/2018 22:08,19.674,19.365,20.341,19.793,21.342,19.793,0.2824,0.3223,20.984,69.9
227,6/14/2018 22:23,19.603,19.341,20.293,19.793,21.27,19.817,0.2821,0.3223,20.841,71.2
228,6/14/2018 22:38,19.46,19.341,20.222,19.77,21.199,19.793,0.2821,0.3223,20.436,72.1
229,6/14/2018 22:53,19.318,19.318,20.174,19.77,21.103,19.793,0.2824,0.3223,20.103,72.6
230,6/14/2018 23:08,19.103,19.318,20.126,19.746,21.032,19.793,0.2824,0.3223,19.698,67.2
231,6/14/2018 23:23,18.961,19.294,20.055,19.722,20.936,19.793,0.2821,0.3223,19.555,69.3
232,6/14/2018 23:38,18.866,19.27,19.984,19.698,20.817,19.793,0.2824,0.3223,19.318,67.5
233,6/14/2018 23:53,18.747,19.27,19.912,19.698,20.722,19.77,0.2824,0.3223,19.246,71.8
234,6/15/2018 0:08,18.699,19.246,19.865,19.674,20.65,19.77,0.2824,0.3223,19.08,73.9
235,6/15/2018 0:23,18.533,19.246,19.817,19.651,20.555,19.77,0.2821,0.3223,18.628,73.2
236,6/15/2018 0:38,18.39,19.222,19.746,19.627,20.484,19.77,0.2824,0.3223,18.438,73.7
237,6/15/2018 0:53,18.533,19.199,19.674,19.603,20.388,19.746,0.2821,0.3223,20.388,61.7
238,6/15/2018 1:08,18.628,19.175,19.627,19.579,20.293,19.722,0.2824,0.3223,21.032,59.3
239,6/15/2018 1:23,18.628,19.151,19.603,19.555,20.246,19.722,0.2821,0.3228,20.555,61.5
240,6/15/2018 1:38,18.652,19.127,19.579,19.532,20.198,19.698,0.2821,0.3228,20.531,62
241,6/15/2018 1:53,18.628,19.103,19.555,19.508,20.15,19.698,0.2821,0.3228,20.388,61.1
242,6/15/2018 2:08,18.58,19.103,19.532,19.484,20.126,19.698,0.2821,0.3228,20.793,55.4
243,6/15/2018 2:23,18.557,19.08,19.484,19.484,20.079,19.674,0.2821,0.3231,20.889,54
244,6/15/2018 2:38,18.557,19.056,19.46,19.46,20.031,19.651,0.2824,0.3228,20.293,65.7
245,6/15/2018 2:53,18.509,19.032,19.436,19.436,20.007,19.651,0.2821,0.3231,19.555,71
246,6/15/2018 3:08,18.461,19.032,19.413,19.413,19.96,19.627,0.2824,0.3231,19.389,67.9
247,6/15/2018 3:23,18.438,19.008,19.389,19.389,19.912,19.603,0.2821,0.3231,19.817,65.1
248,6/15/2018 3:38,18.414,18.985,19.365,19.365,19.865,19.579,0.2821,0.3231,19.793,66.4
249,6/15/2018 3:53,18.343,18.985,19.341,19.365,19.841,19.579,0.2817,0.3235,19.222,71.6
250,6/15/2018 4:08,18.247,18.961,19.294,19.341,19.793,19.555,0.2821,0.3231,18.675,75.5
251,6/15/2018 4:23,18.129,18.961,19.27,19.318,19.746,19.555,0.2821,0.3231,18.176,76.2
252,6/15/2018 4:38,17.915,18.937,19.222,19.294,19.698,19.532,0.2821,0.3235,17.843,73.9
253,6/15/2018 4:53,17.843,18.913,19.175,19.294,19.627,19.508,0.2817,0.3235,17.534,77.6
254,6/15/2018 5:08,17.748,18.913,19.127,19.27,19.555,19.484,0.2821,0.3235,17.534,75.6
255,6/15/2018 5:23,17.629,18.889,19.08,19.246,19.484,19.484,0.2821,0.3235,17.415,78.3
256,6/15/2018 5:38,17.558,18.866,19.032,19.222,19.413,19.46,0.2821,0.3235,17.13,79.5
257,6/15/2018 5:53,17.558,18.866,18.985,19.199,19.341,19.436,0.2821,0.3235,16.868,79.6
258,6/15/2018 6:08,17.796,18.842,18.937,19.175,19.294,19.436,0.2821,0.324,17.296,75.1
259,6/15/2018 6:23,18.152,18.818,18.913,19.151,19.27,19.413,0.2821,0.324,18.509,67.8
260,6/15/2018 6:38,18.319,18.794,18.889,19.127,19.246,19.389,0.2821,0.324,18.509,67.3
261,6/15/2018 6:53,18.985,18.771,18.889,19.103,19.27,19.365,0.2817,0.324,18.509,69.5
262,6/15/2018 7:08,18.866,18.771,18.889,19.08,19.294,19.341,0.2817,0.3235,18.438,71.9
263,6/15/2018 7:23,18.889,18.747,18.913,19.08,19.318,19.341,0.2817,0.3235,18.913,68.6
264,6/15/2018 7:38,20.198,18.723,18.937,19.056,19.365,19.318,0.2817,0.324,19.627,69
265,6/15/2018 7:53,21.939,18.723,18.961,19.056,19.413,19.294,0.2817,0.3235,20.793,63.8
266,6/15/2018 8:08,20.269,18.723,19.032,19.032,19.484,19.27,0.2817,0.3235,21.223,62.4
267,6/15/2018 8:23,20.269,18.699,19.103,19.032,19.555,19.27,0.2817,0.3235,21.867,57.8
268,6/15/2018 8:38,20.269,18.699,19.175,19.008,19.674,19.246,0.2817,0.3231,22.106,53.7
269,6/15/2018 8:53,20.484,18.699,19.27,19.008,19.77,19.222,0.2813,0.3231,21.939,54.4
270,6/15/2018 9:08,20.77,18.723,19.318,19.008,19.841,19.222,0.2817,0.3228,22.681,56.1
271,6/15/2018 9:23,20.746,18.723,19.389,19.008,19.912,19.199,0.2813,0.3228,22.776,51
272,6/15/2018 9:38,20.126,18.723,19.46,19.008,20.031,19.175,0.2817,0.3228,22.968,51.9
273,6/15/2018 9:53,20.031,18.723,19.555,19.032,20.103,19.175,0.2813,0.3223,23.424,51.6
274,6/15/2018 10:08,20.388,18.747,19.746,19.032,20.198,19.151,0.2817,0.3223,23.641,46.9
275,6/15/2018 10:23,20.913,18.747,19.793,19.056,20.269,19.151,0.2813,0.3219,24.026,45.7
276,6/15/2018 10:38,20.865,18.747,19.817,19.056,20.341,19.151,0.2813,0.3219,24.146,45.6
277,6/15/2018 10:53,21.461,18.771,19.841,19.08,20.412,19.127,0.2813,0.3216,24.436,42.5
278,6/15/2018 11:08,23.641,18.771,19.96,19.08,20.531,19.127,0.2813,0.3211,24.823,42.6
279,6/15/2018 11:23,21.939,18.771,20.15,19.103,20.722,19.127,0.2813,0.3211,24.895,41.9
280,6/15/2018 11:38,22.106,18.794,20.246,19.103,20.889,19.127,0.2813,0.3207,24.992,44.2
281,6/15/2018 11:53,21.032,18.794,20.246,19.127,21.652,19.127,0.2813,0.3204,24.968,41
282,6/15/2018 12:08,21.151,18.818,20.222,19.151,22.274,19.103,0.2813,0.3199,25.113,38.5
283,6/15/2018 12:23,20.674,18.842,20.246,19.175,22.729,19.103,0.2813,0.3199,24.581,45.5
284,6/15/2018 12:38,21.223,18.866,20.484,19.199,22.968,19.127,0.281,0.3195,25.258,46.8
285,6/15/2018 12:53,27.677,18.866,21.032,19.222,22.824,19.127,0.2813,0.3199,25.016,44.8
286,6/15/2018 13:08,22.896,18.889,21.151,19.27,22.681,19.151,0.2813,0.3195,25.04,44.4
287,6/15/2018 13:23,21.461,18.913,21.103,19.294,22.537,19.151,0.281,0.3187,24.702,43.1
288,6/15/2018 13:38,21.366,18.937,20.984,19.318,22.417,19.175,0.2813,0.3183,25.113,39.5
289,6/15/2018 13:53,20.484,18.961,20.913,19.365,22.465,19.199,0.2813,0.3178,25.016,43.1
290,6/15/2018 14:08,20.65,18.985,20.817,19.389,22.345,19.199,0.2813,0.3175,24.823,45.7
291,6/15/2018 14:23,20.913,19.008,20.746,19.413,22.202,19.246,0.2813,0.3168,24.871,43.9
292,6/15/2018 14:38,20.841,19.032,20.698,19.436,22.106,19.246,0.281,0.316,25.113,46.8
293,6/15/2018 14:53,20.436,19.056,20.65,19.436,22.011,19.27,0.281,0.316,25.016,45.2
294,6/15/2018 15:08,20.388,19.056,20.603,19.46,21.915,19.318,0.2813,0.3156,24.267,44.9
295,6/15/2018 15:23,20.746,19.056,20.555,19.46,21.819,19.341,0.281,0.3144,24.629,46.4
296,6/15/2018 15:38,20.77,19.056,20.555,19.484,21.772,19.365,0.2806,0.3144,24.002,46.7
297,6/15/2018 15:53,20.722,19.08,20.531,19.484,21.772,19.389,0.281,0.3144,23.978,49.3
298,6/15/2018 16:08,20.698,19.08,20.531,19.484,21.772,19.389,0.281,0.3136,24.508,46.8
299,6/15/2018 16:23,20.436,19.08,20.531,19.508,21.748,19.413,0.2806,0.3133,25.258,44.3
300,6/15/2018 16:38,20.484,19.08,20.484,19.508,21.676,19.436,0.281,0.3128,24.002,50
301,6/15/2018 16:53,20.793,19.08,20.507,19.532,21.628,19.436,0.281,0.3128,24.267,50.6
302,6/15/2018 17:08,20.484,19.08,20.507,19.508,21.604,19.46,0.2806,0.3125,24.871,47.9
303,6/15/2018 17:23,19.77,19.08,20.484,19.532,21.533,19.46,0.2806,0.3121,24.847,44.2
304,6/15/2018 17:38,19.817,19.103,20.436,19.532,21.437,19.484,0.281,0.3121,24.968,44
305,6/15/2018 17:53,19.865,19.103,20.365,19.532,21.342,19.484,0.2806,0.3121,24.992,43.7
306,6/15/2018 18:08,19.936,19.103,20.341,19.532,21.27,19.484,0.2806,0.3118,24.557,47.6
307,6/15/2018 18:23,20.174,19.103,20.293,19.532,21.199,19.508,0.281,0.3118,23.809,52.5
308,6/15/2018 18:38,20.198,19.103,20.293,19.508,21.175,19.508,0.2806,0.3118,23.448,54.7
309,6/15/2018 18:53,20.174,19.103,20.269,19.508,21.151,19.508,0.2806,0.3118,23.112,59.1
310,6/15/2018 19:08,20.174,19.08,20.246,19.508,21.127,19.508,0.2806,0.3118,22.872,63.1
311,6/15/2018 19:23,20.15,19.08,20.222,19.508,21.103,19.532,0.2806,0.3118,22.609,65.1
312,6/15/2018 19:38,20.103,19.08,20.198,19.508,21.079,19.532,0.2806,0.3113,22.513,65.4
313,6/15/2018 19:53,19.888,19.08,20.174,19.508,21.056,19.532,0.2806,0.3113,22.058,63.9
314,6/15/2018 20:08,19.793,19.08,20.15,19.508,21.008,19.532,0.2806,0.3113,21.7,71.8
315,6/15/2018 20:23,19.627,19.08,20.103,19.508,20.936,19.532,0.2806,0.3118,21.294,69.6
316,6/15/2018 20:38,19.365,19.08,20.055,19.508,20.865,19.532,0.2803,0.3113,20.674,68.9
317,6/15/2018 20:53,19.151,19.08,19.984,19.484,20.793,19.532,0.2803,0.3113,20.055,67.4
318,6/15/2018 21:08,18.961,19.08,19.912,19.484,20.722,19.532,0.2803,0.3113,19.627,69.8
319,6/15/2018 21:23,18.771,19.056,19.841,19.484,20.627,19.532,0.2803,0.3113,19.151,71.2
320,6/15/2018 21:38,18.604,19.056,19.77,19.46,20.531,19.532,0.2803,0.3113,18.818,74
321,6/15/2018 21:53,18.438,19.056,19.698,19.46,20.412,19.532,0.2803,0.311,18.485,75.5
322,6/15/2018 22:08,18.343,19.032,19.627,19.436,20.317,19.532,0.2803,0.311,18.2,77.9
323,6/15/2018 22:23,18.2,19.032,19.555,19.436,20.222,19.532,0.2803,0.311,17.891,78.4
324,6/15/2018 22:38,18.081,19.008,19.508,19.413,20.126,19.508,0.2803,0.311,17.629,81
325,6/15/2018 22:53,17.962,19.008,19.436,19.389,20.031,19.508,0.2803,0.3113,17.415,81.6
326,6/15/2018 23:08,17.819,18.985,19.365,19.365,19.936,19.508,0.2806,0.3113,17.13,83.8
327,6/15/2018 23:23,17.724,18.961,19.318,19.341,19.841,19.484,0.2803,0.3113,16.915,85.3
328,6/15/2018 23:38,17.629,18.937,19.246,19.318,19.77,19.484,0.2803,0.3113,16.677,84.5
329,6/15/2018 23:53,17.534,18.913,19.175,19.294,19.674,19.484,0.2803,0.311,16.582,86.5
330,6/16/2018 0:08,17.463,18.913,19.127,19.27,19.579,19.46,0.2803,0.311,16.463,87.3
331,6/16/2018 0:23,17.391,18.889,19.056,19.246,19.508,19.46,0.2803,0.3113,16.272,88.2
332,6/16/2018 0:38,17.32,18.866,19.008,19.222,19.413,19.436,0.2803,0.3113,16.129,88.2
333,6/16/2018 0:53,17.225,18.866,18.961,19.199,19.341,19.436,0.2803,0.311,15.891,89.2
334,6/16/2018 1:08,17.13,18.818,18.913,19.175,19.246,19.413,0.28,0.311,15.748,89.9
335,6/16/2018 1:23,17.058,18.818,18.866,19.151,19.175,19.389,0.2803,0.3113,15.605,88.5
336,6/16/2018 1:38,16.963,18.771,18.818,19.127,19.103,19.389,0.2803,0.3113,15.629,88.2
337,6/16/2018 1:53,16.868,18.771,18.771,19.103,19.008,19.365,0.28,0.3113,15.342,89
338,6/16/2018 2:08,16.796,18.747,18.699,19.08,18.937,19.341,0.2803,0.3113,15.247,89.2
339,6/16/2018 2:23,16.701,18.723,18.652,19.056,18.866,19.318,0.28,0.3113,15.055,89.6
340,6/16/2018 2:38,16.63,18.699,18.604,19.032,18.794,19.294,0.28,0.3113,15.055,90.7
341,6/16/2018 2:53,16.582,18.675,18.557,19.008,18.723,19.294,0.2803,0.3113,14.984,90.1
342,6/16/2018 3:08,16.534,18.652,18.509,18.985,18.652,19.27,0.28,0.3113,14.888,90.5
343,6/16/2018 3:23,16.487,18.628,18.461,18.937,18.58,19.246,0.28,0.3118,14.792,91.3
344,6/16/2018 3:38,16.415,18.604,18.414,18.913,18.509,19.222,0.2803,0.3113,14.721,91
345,6/16/2018 3:53,16.392,18.58,18.366,18.889,18.438,19.199,0.28,0.3113,14.816,91.5
346,6/16/2018 4:08,16.392,18.557,18.319,18.866,18.39,19.175,0.28,0.3113,14.84,91.6
347,6/16/2018 4:23,16.344,18.533,18.271,18.866,18.319,19.175,0.28,0.3113,14.697,91.9
348,6/16/2018 4:38,16.296,18.509,18.247,18.818,18.271,19.127,0.28,0.3118,14.649,91.7
349,6/16/2018 4:53,16.296,18.485,18.2,18.794,18.2,19.127,0.28,0.3118,14.673,91.4
350,6/16/2018 5:08,16.201,18.461,18.152,18.771,18.152,19.08,0.28,0.3118,14.529,91.6
351,6/16/2018 5:23,16.225,18.438,18.129,18.747,18.105,19.056,0.28,0.3118,14.529,91.9
352,6/16/2018 5:38,16.201,18.414,18.081,18.723,18.057,19.032,0.28,0.3118,14.481,91.8
353,6/16/2018 5:53,16.249,18.39,18.057,18.699,18.01,19.032,0.2803,0.3121,14.457,92.2
354,6/16/2018 6:08,16.487,18.366,18.033,18.675,17.962,18.985,0.28,0.3118,14.481,91.9
355,6/16/2018 6:23,16.868,18.343,18.01,18.628,17.938,18.961,0.28,0.3121,15.223,90.1
356,6/16/2018 6:38,17.13,18.319,18.01,18.604,17.938,18.961,0.28,0.3118,15.676,88.5
357,6/16/2018 6:53,17.938,18.319,18.033,18.604,17.962,18.937,0.28,0.3118,15.676,89
358,6/16/2018 7:08,17.843,18.295,18.057,18.58,18.01,18.913,0.28,0.3121,16.058,88.1
359,6/16/2018 7:23,17.962,18.271,18.105,18.557,18.081,18.889,0.28,0.3121,16.487,87.5
360,6/16/2018 7:38,19.46,18.247,18.152,18.533,18.152,18.866,0.28,0.3121,16.749,87.7
361,6/16/2018 7:53,21.485,18.247,18.2,18.533,18.247,18.842,0.28,0.3121,17.201,87.1
362,6/16/2018 8:08,19.841,18.247,18.271,18.533,18.319,18.818,0.28,0.3121,17.724,86.2
363,6/16/2018 8:23,20.031,18.247,18.343,18.509,18.438,18.794,0.28,0.3121,18.461,85
364,6/16/2018 8:38,19.865,18.247,18.414,18.509,18.58,18.771,0.2796,0.3121,19.032,83.7
365,6/16/2018 8:53,20.055,18.247,18.533,18.509,18.723,18.747,0.2796,0.3121,19.817,81.7
366,6/16/2018 9:08,21.103,18.247,18.604,18.509,18.842,18.723,0.2796,0.3121,20.865,78
367,6/16/2018 9:23,20.77,18.247,18.723,18.509,18.961,18.723,0.2796,0.3118,21.461,76.9
368,6/16/2018 9:38,20.913,18.271,18.818,18.533,19.151,18.699,0.2796,0.3118,21.987,74
369,6/16/2018 9:53,20.96,18.271,19.056,18.533,19.294,18.675,0.2796,0.3118,22.609,71.5
370,6/16/2018 10:08,21.294,18.295,19.341,18.557,19.484,18.675,0.2796,0.3118,23.328,68.8
371,6/16/2018 10:23,21.843,18.319,19.46,18.58,19.674,18.675,0.2796,0.3118,24.002,64.1
372,6/16/2018 10:38,21.867,18.343,19.532,18.604,19.817,18.652,0.2796,0.3113,24.702,57.8
373,6/16/2018 10:53,22.585,18.343,19.627,18.652,19.96,18.652,0.2793,0.3113,25.04,58.8
374,6/16/2018 11:08,26.793,18.366,19.793,18.675,20.222,18.652,0.2796,0.3113,25.574,60.5
375,6/16/2018 11:23,23.785,18.39,20.031,18.723,20.484,18.652,0.2793,0.311,25.841,57.6
376,6/16/2018 11:38,23.16,18.438,20.174,18.747,20.698,18.652,0.2793,0.311,25.817,52.8
377,6/16/2018 11:53,22.609,18.461,20.198,18.794,21.509,18.652,0.2793,0.311,26.158,57
378,6/16/2018 12:08,22.321,18.509,20.222,18.842,22.202,18.652,0.2793,0.3106,25.866,54.4
379,6/16/2018 12:23,22.513,18.557,20.293,18.866,22.753,18.675,0.279,0.3102,26.475,56.8
380,6/16/2018 12:38,22.489,18.58,20.627,18.913,23.088,18.675,0.2793,0.3102,26.207,56.3
381,6/16/2018 12:53,26.28,18.628,21.175,18.961,23.016,18.699,0.2793,0.3098,26.671,56
382,6/16/2018 13:08,23.569,18.652,21.294,19.008,22.872,18.723,0.2793,0.3098,26.769,54
383,6/16/2018 13:23,22.968,18.699,21.223,19.056,22.705,18.747,0.279,0.3098,27.161,52.1
384,6/16/2018 13:38,22.753,18.723,21.175,19.103,22.633,18.771,0.279,0.3095,27.038,51.1
385,6/16/2018 13:53,22.561,18.771,21.127,19.175,22.729,18.818,0.2793,0.3092,26.842,52.1
386,6/16/2018 14:08,22.369,18.794,21.079,19.199,22.705,18.842,0.2793,0.3092,26.598,50.6
387,6/16/2018 14:23,22.489,18.842,21.056,19.246,22.633,18.889,0.2793,0.3087,26.769,51.5
388,6/16/2018 14:38,22.298,18.866,21.032,19.294,22.585,18.913,0.279,0.3087,26.793,52
389,6/16/2018 14:53,22.25,18.889,21.008,19.318,22.537,18.961,0.2793,0.3087,26.524,52.2
390,6/16/2018 15:08,22.13,18.913,20.984,19.341,22.465,18.985,0.2793,0.3084,26.451,52.2
391,6/16/2018 15:23,22.178,18.937,20.984,19.365,22.417,19.008,0.279,0.3084,26.524,54.7
392,6/16/2018 15:38,22.393,18.961,21.008,19.389,22.393,19.056,0.279,0.3084,26.304,56.3
393,6/16/2018 15:53,22.106,18.985,21.008,19.413,22.441,19.08,0.2793,0.3084,26.475,51.3
394,6/16/2018 16:08,22.154,19.008,21.008,19.436,22.465,19.127,0.2793,0.3084,26.109,55.9
395,6/16/2018 16:23,22.298,19.032,21.008,19.46,22.465,19.151,0.2793,0.308,26.231,57
396,6/16/2018 16:38,22.106,19.056,21.008,19.484,22.441,19.175,0.279,0.308,25.89,57.7
397,6/16/2018 16:53,21.963,19.056,21.008,19.508,22.417,19.199,0.279,0.3077,25.963,55.9
398,6/16/2018 17:08,21.963,19.08,21.008,19.532,22.369,19.222,0.279,0.3077,25.525,60.9
399,6/16/2018 17:23,21.939,19.103,21.008,19.555,22.321,19.246,0.279,0.3072,25.404,61.2
400,6/16/2018 17:38,21.795,19.103,20.984,19.555,22.298,19.27,0.279,0.3072,25.234,59.6
401,6/16/2018 17:53,21.7,19.127,20.96,19.579,22.25,19.294,0.279,0.3077,24.823,62.3
402,6/16/2018 18:08,21.581,19.127,20.936,19.579,22.202,19.318,0.279,0.3072,24.605,63.8
403,6/16/2018 18:23,21.509,19.151,20.913,19.603,22.154,19.341,0.279,0.3072,24.508,66.9
404,6/16/2018 18:38,21.461,19.151,20.889,19.627,22.106,19.365,0.2786,0.3072,24.363,68.6
405,6/16/2018 18:53,21.366,19.175,20.865,19.627,22.058,19.389,0.279,0.3072,24.146,71.1
406,6/16/2018 19:08,21.318,19.175,20.841,19.627,22.011,19.413,0.2786,0.3072,23.93,73.1
407,6/16/2018 19:23,21.223,19.199,20.793,19.651,21.963,19.436,0.2786,0.3069,23.737,72.9
408,6/16/2018 19:38,21.103,19.199,20.77,19.651,21.915,19.46,0.2786,0.3069,23.521,72.5
409,6/16/2018 19:53,20.984,19.199,20.746,19.651,21.843,19.46,0.2786,0.3072,23.328,73.1
410,6/16/2018 20:08,20.865,19.199,20.698,19.651,21.795,19.484,0.2786,0.3069,23.16,73.3
411,6/16/2018 20:23,20.722,19.199,20.674,19.651,21.748,19.484,0.279,0.3069,22.872,73.4
412,6/16/2018 20:38,20.603,19.199,20.627,19.651,21.676,19.508,0.279,0.3069,22.633,74.5
413,6/16/2018 20:53,20.484,19.222,20.579,19.651,21.604,19.508,0.279,0.3069,22.369,75.7
414,6/16/2018 21:08,20.341,19.222,20.531,19.651,21.557,19.532,0.2786,0.3072,22.082,76.7
415,6/16/2018 21:23,20.246,19.222,20.484,19.651,21.485,19.532,0.279,0.3072,21.7,79.6
416,6/16/2018 21:38,20.174,19.222,20.436,19.651,21.413,19.555,0.2786,0.3072,21.461,81
417,6/16/2018 21:53,20.103,19.199,20.388,19.627,21.342,19.555,0.279,0.3072,21.294,82.5
418,6/16/2018 22:08,20.031,19.199,20.341,19.627,21.27,19.555,0.2786,0.3072,21.175,83.3
419,6/16/2018 22:23,19.96,19.199,20.293,19.627,21.199,19.579,0.2786,0.3072,20.984,84.6
420,6/16/2018 22:38,19.865,19.199,20.246,19.627,21.151,19.579,0.2786,0.3072,20.77,84.6
421,6/16/2018 22:53,19.793,19.175,20.222,19.603,21.079,19.579,0.2786,0.3072,20.603,85.6
422,6/16/2018 23:08,19.722,19.175,20.174,19.603,21.008,19.579,0.2786,0.3072,20.46,86.1
423,6/16/2018 23:23,19.651,19.175,20.126,19.603,20.96,19.579,0.2786,0.3072,20.365,86.4
424,6/16/2018 23:38,19.627,19.151,20.103,19.579,20.889,19.579,0.2786,0.3072,20.317,87.3
425,6/16/2018 23:53,19.555,19.151,20.055,19.579,20.817,19.579,0.2786,0.3077,20.126,87.4
426,6/17/2018 0:08,19.508,19.151,20.031,19.555,20.77,19.579,0.2783,0.3077,19.96,88.2
427,6/17/2018 0:23,19.413,19.127,19.984,19.532,20.722,19.579,0.2786,0.3077,19.793,87.5
428,6/17/2018 0:38,19.318,19.127,19.96,19.532,20.65,19.579,0.2786,0.3077,19.603,87.5
429,6/17/2018 0:53,19.246,19.103,19.912,19.532,20.603,19.579,0.2786,0.3072,19.484,87
430,6/17/2018 1:08,19.199,19.103,19.865,19.508,20.531,19.579,0.2786,0.3077,19.436,87.1
431,6/17/2018 1:23,19.151,19.103,19.841,19.484,20.484,19.579,0.2786,0.3077,19.365,88.6
432,6/17/2018 1:38,19.103,19.08,19.793,19.484,20.436,19.555,0.2783,0.3077,19.246,88.5
433,6/17/2018 1:53,19.08,19.08,19.77,19.46,20.388,19.555,0.2786,0.3077,19.222,88.5
434,6/17/2018 2:08,19.056,19.056,19.722,19.46,20.341,19.555,0.2783,0.3077,19.199,89.4
435,6/17/2018 2:23,19.032,19.056,19.698,19.436,20.293,19.532,0.2786,0.3077,19.175,90.3
436,6/17/2018 2:38,19.008,19.056,19.674,19.436,20.246,19.532,0.2783,0.3077,19.175,90.4
437,6/17/2018 2:53,18.961,19.032,19.651,19.413,20.198,19.532,0.2786,0.3077,19.103,90
438,6/17/2018 3:08,18.913,19.032,19.627,19.389,20.15,19.532,0.2783,0.3077,18.937,90.4
439,6/17/2018 3:23,18.866,19.008,19.579,19.389,20.103,19.508,0.2783,0.3077,18.794,91.5
440,6/17/2018 3:38,18.794,19.008,19.555,19.365,20.055,19.508,0.2783,0.3077,18.699,91.8
441,6/17/2018 3:53,18.771,18.985,19.532,19.365,20.007,19.484,0.2786,0.308,18.628,92.3
442,6/17/2018 4:08,18.723,18.985,19.484,19.341,19.984,19.484,0.2783,0.308,18.533,92.7
443,6/17/2018 4:23,18.675,18.961,19.46,19.318,19.936,19.484,0.2786,0.3084,18.438,92.6
444,6/17/2018 4:38,18.628,18.961,19.436,19.318,19.888,19.46,0.2783,0.308,18.343,92.9
445,6/17/2018 4:53,18.628,18.937,19.389,19.294,19.841,19.46,0.2783,0.3084,18.438,92.9
446,6/17/2018 5:08,18.628,18.913,19.389,19.27,19.793,19.436,0.2783,0.308,18.485,92.8
447,6/17/2018 5:23,18.604,18.913,19.365,19.27,19.77,19.436,0.2783,0.3084,18.438,93.1
448,6/17/2018 5:38,18.604,18.913,19.341,19.246,19.722,19.413,0.2783,0.3084,18.414,93.3
449,6/17/2018 5:53,18.675,18.889,19.318,19.246,19.698,19.413,0.2783,0.3084,18.461,93.4
450,6/17/2018 6:08,18.937,18.889,19.294,19.222,19.674,19.389,0.2783,0.3087,18.628,93
451,6/17/2018 6:23,19.294,18.866,19.294,19.199,19.674,19.389,0.278,0.3084,18.985,91.6
452,6/17/2018 6:38,19.222,18.866,19.318,19.199,19.698,19.365,0.2783,0.3087,18.937,92
453,6/17/2018 6:53,19.151,18.866,19.318,19.175,19.698,19.341,0.278,0.3087,18.961,92.3
454,6/17/2018 7:08,19.222,18.842,19.341,19.175,19.722,19.341,0.278,0.3087,19.032,92.4
455,6/17/2018 7:23,19.627,18.842,19.341,19.175,19.722,19.318,0.278,0.3087,19.46,91.8
456,6/17/2018 7:38,20.698,18.818,19.365,19.151,19.746,19.318,0.278,0.3087,20.103,90.5
457,6/17/2018 7:53,22.513,18.818,19.413,19.151,19.817,19.294,0.278,0.3087,20.627,89.4
458,6/17/2018 8:08,21.604,18.818,19.484,19.151,19.912,19.294,0.2783,0.3087,21.151,89
459,6/17/2018 8:23,21.795,18.818,19.579,19.151,20.031,19.294,0.278,0.3087,21.891,87.7
460,6/17/2018 8:38,21.987,18.818,19.674,19.151,20.198,19.27,0.278,0.3087,22.92,85.5
461,6/17/2018 8:53,22.202,18.842,19.793,19.151,20.341,19.27,0.278,0.3087,23.713,83.7
462,6/17/2018 9:08,22.872,18.866,19.912,19.175,20.484,19.27,0.2783,0.3084,25.355,74.8
463,6/17/2018 9:23,23.04,18.866,20.031,19.175,20.627,19.246,0.278,0.3084,25.38,73.2
464,6/17/2018 9:38,23.112,18.866,20.174,19.199,20.817,19.246,0.2776,0.3084,25.647,74.7
465,6/17/2018 9:53,23.569,18.889,20.365,19.199,21.008,19.246,0.278,0.3084,26.036,72.5
466,6/17/2018 10:08,23.088,18.913,20.603,19.246,21.175,19.246,0.278,0.3084,25.914,74.7
467,6/17/2018 10:23,22.968,18.937,20.674,19.27,21.318,19.246,0.278,0.3084,25.963,75.6
468,6/17/2018 10:38,23.785,18.961,20.746,19.294,21.413,19.246,0.278,0.3084,26.646,74
469,6/17/2018 10:53,24.944,18.985,20.841,19.341,21.581,19.246,0.278,0.308,27.21,71.3
470,6/17/2018 11:08,26.402,19.032,21.008,19.365,21.819,19.246,0.278,0.308,27.628,67.2
471,6/17/2018 11:23,25.428,19.056,21.199,19.413,22.082,19.246,0.2776,0.308,27.333,69.9
472,6/17/2018 11:38,24.75,19.103,21.342,19.46,22.298,19.27,0.2776,0.3077,27.628,62.5
473,6/17/2018 11:53,24.026,19.127,21.413,19.484,22.776,19.27,0.2776,0.3077,28.048,60.4
474,6/17/2018 12:08,24.122,19.175,21.437,19.532,23.376,19.294,0.2776,0.3072,28.27,60.5
475,6/17/2018 12:23,23.954,19.222,21.485,19.579,23.833,19.294,0.2776,0.3072,28.369,57.4
476,6/17/2018 12:38,24.146,19.27,21.772,19.627,24.074,19.318,0.2776,0.3069,28.593,56.8
477,6/17/2018 12:53,28.493,19.294,22.345,19.674,24.026,19.341,0.2776,0.3072,29.04,50.8
478,6/17/2018 13:08,25.186,19.341,22.489,19.746,23.93,19.365,0.2776,0.3069,28.866,51.3
479,6/17/2018 13:23,24.339,19.365,22.417,19.793,23.833,19.389,0.278,0.3069,28.916,50.2
480,6/17/2018 13:38,24.363,19.413,22.345,19.841,23.785,19.436,0.2776,0.3069,28.841,54.3
481,6/17/2018 13:53,24.122,19.46,22.298,19.888,23.857,19.46,0.278,0.3066,28.667,53.6
482,6/17/2018 14:08,23.978,19.484,22.25,19.936,23.857,19.508,0.2776,0.3066,28.791,53.4
483,6/17/2018 14:23,24.122,19.532,22.202,19.984,23.809,19.532,0.2776,0.3062,28.99,52
484,6/17/2018 14:38,23.954,19.555,22.178,20.007,23.785,19.555,0.2776,0.3062,28.816,55.3
485,6/17/2018 14:53,24.026,19.603,22.154,20.055,23.761,19.603,0.2776,0.3062,28.891,54.6
486,6/17/2018 15:08,24.002,19.627,22.154,20.079,23.737,19.627,0.2776,0.3062,28.816,55.1
487,6/17/2018 15:23,23.93,19.651,22.154,20.103,23.713,19.674,0.2776,0.3058,28.568,57.8
488,6/17/2018 15:38,24.026,19.674,22.178,20.15,23.713,19.722,0.2776,0.3058,28.419,56.2
489,6/17/2018 15:53,23.881,19.698,22.178,20.174,23.761,19.746,0.2776,0.3058,28.891,56
490,6/17/2018 16:08,23.954,19.722,22.178,20.198,23.785,19.77,0.2776,0.3054,29.115,53.3
491,6/17/2018 16:23,24.074,19.746,22.178,20.222,23.809,19.817,0.2776,0.3054,28.766,58.3
492,6/17/2018 16:38,23.857,19.77,22.178,20.246,23.809,19.841,0.2773,0.3051,28.27,57.2
493,6/17/2018 16:53,23.785,19.793,22.202,20.269,23.785,19.865,0.2776,0.3051,28.147,60.6
494,6/17/2018 17:08,23.689,19.817,22.202,20.293,23.761,19.888,0.2776,0.3051,27.776,62.4
495,6/17/2018 17:23,23.617,19.817,22.178,20.293,23.737,19.912,0.2776,0.3048,27.554,63.8
496,6/17/2018 17:38,23.497,19.841,22.178,20.317,23.713,19.96,0.2776,0.3048,27.161,66.6
497,6/17/2018 17:53,23.472,19.865,22.13,20.341,23.665,19.984,0.2776,0.3048,27.136,66.9
498,6/17/2018 18:08,23.352,19.888,22.13,20.365,23.641,20.007,0.2773,0.3043,27.014,67.6
499,6/17/2018 18:23,23.232,19.888,22.082,20.365,23.593,20.031,0.2773,0.304,26.842,67.6
500,6/17/2018 18:38,23.136,19.912,22.058,20.388,23.545,20.055,0.2773,0.304,26.622,68
501,6/17/2018 18:53,23.064,19.912,22.034,20.388,23.497,20.079,0.2776,0.304,26.451,69.3
502,6/17/2018 19:08,22.944,19.912,22.011,20.412,23.448,20.103,0.2773,0.3037,26.353,69.9
503,6/17/2018 19:23,22.848,19.936,21.963,20.412,23.4,20.126,0.2773,0.304,25.866,74.2
504,6/17/2018 19:38,22.729,19.936,21.939,20.436,23.352,20.15,0.2773,0.3037,25.647,75.9
505,6/17/2018 19:53,22.633,19.96,21.891,20.436,23.304,20.15,0.2773,0.3037,25.307,79.5
506,6/17/2018 20:08,22.489,19.96,21.867,20.436,23.232,20.174,0.2773,0.3037,25.137,78.7
507,6/17/2018 20:23,22.321,19.96,21.819,20.436,23.184,20.198,0.2776,0.3037,24.823,79.9
508,6/17/2018 20:38,22.202,19.96,21.795,20.436,23.112,20.222,0.2773,0.3037,24.508,82.5
509,6/17/2018 20:53,22.058,19.96,21.748,20.46,23.04,20.222,0.2773,0.3037,24.074,83.2
510,6/17/2018 21:08,21.915,19.96,21.7,20.436,22.968,20.246,0.2773,0.3037,23.857,84.2
511,6/17/2018 21:23,21.819,19.96,21.652,20.436,22.896,20.269,0.2776,0.3037,23.569,84.6
512,6/17/2018 21:38,21.7,19.96,21.604,20.436,22.824,20.269,0.2776,0.3037,23.328,84.8
513,6/17/2018 21:53,21.652,19.96,21.557,20.436,22.753,20.293,0.2776,0.3037,23.256,85.4
514,6/17/2018 22:08,21.581,19.96,21.509,20.436,22.681,20.293,0.2776,0.3037,23.112,85.5
515,6/17/2018 22:23,21.485,19.96,21.461,20.436,22.609,20.317,0.2776,0.3037,22.968,85.4
516,6/17/2018 22:38,21.533,19.96,21.413,20.412,22.537,20.317,0.2773,0.3037,23.545,83.9
517,6/17/2018 22:53,21.533,19.936,21.39,20.412,22.489,20.317,0.2776,0.3037,23.545,84.2
518,6/17/2018 23:08,21.533,19.936,21.366,20.412,22.441,20.317,0.2773,0.3037,23.521,85
519,6/17/2018 23:23,21.485,19.936,21.342,20.388,22.393,20.341,0.2776,0.3037,23.448,85.9
520,6/17/2018 23:38,21.485,19.936,21.318,20.388,22.345,20.341,0.2773,0.3037,23.497,86.4
521,6/17/2018 23:53,21.461,19.912,21.294,20.388,22.298,20.341,0.2776,0.3037,23.328,87.4
522,6/18/2018 0:08,21.485,19.912,21.27,20.388,22.25,20.341,0.2773,0.3037,23.497,89
523,6/18/2018 0:23,21.461,19.912,21.27,20.365,22.226,20.341,0.2773,0.3037,23.4,88.1
524,6/18/2018 0:38,21.39,19.912,21.246,20.365,22.202,20.341,0.2773,0.304,23.184,89.9
525,6/18/2018 0:53,21.366,19.912,21.223,20.365,22.154,20.341,0.2773,0.3037,23.04,90.3
526,6/18/2018 1:08,21.318,19.888,21.199,20.341,22.13,20.341,0.277,0.304,22.872,91.2
527,6/18/2018 1:23,21.294,19.888,21.175,20.341,22.082,20.341,0.2773,0.3037,22.681,92
528,6/18/2018 1:38,21.246,19.888,21.151,20.341,22.058,20.341,0.2773,0.3037,22.585,92.9
529,6/18/2018 1:53,21.175,19.888,21.151,20.341,22.011,20.341,0.2773,0.304,22.417,93.1
530,6/18/2018 2:08,21.127,19.865,21.103,20.317,21.987,20.341,0.2773,0.304,22.226,93.7
531,6/18/2018 2:23,21.056,19.865,21.079,20.317,21.939,20.341,0.2773,0.304,22.058,94
532,6/18/2018 2:38,20.984,19.865,21.056,20.317,21.915,20.317,0.2773,0.304,21.867,94.7
533,6/18/2018 2:53,20.913,19.865,21.032,20.293,21.843,20.317,0.2773,0.304,21.795,94.9
534,6/18/2018 3:08,20.865,19.865,21.008,20.293,21.819,20.317,0.2773,0.3043,21.628,94.8
535,6/18/2018 3:23,20.793,19.841,20.984,20.293,21.772,20.317,0.2773,0.3043,21.485,94.9
536,6/18/2018 3:38,20.722,19.841,20.936,20.269,21.724,20.317,0.277,0.304,21.294,95.1
537,6/18/2018 3:53,20.65,19.841,20.913,20.269,21.676,20.293,0.2773,0.3043,21.246,94.9
538,6/18/2018 4:08,20.579,19.817,20.865,20.246,21.628,20.293,0.277,0.304,21.079,95.2
539,6/18/2018 4:23,20.531,19.817,20.841,20.246,21.581,20.293,0.2773,0.304,20.984,95.7
540,6/18/2018 4:38,20.507,19.817,20.817,20.222,21.533,20.293,0.277,0.3043,20.984,95.5
541,6/18/2018 4:53,20.484,19.793,20.77,20.222,21.485,20.293,0.277,0.3043,20.889,95.3
542,6/18/2018 5:08,20.484,19.793,20.746,20.198,21.461,20.269,0.277,0.3043,21.008,95.1
543,6/18/2018 5:23,20.412,19.793,20.722,20.198,21.413,20.269,0.277,0.3043,20.913,95.4
544,6/18/2018 5:38,20.341,19.77,20.698,20.174,21.366,20.269,0.277,0.3048,20.746,95.7
545,6/18/2018 5:53,20.317,19.77,20.674,20.174,21.342,20.246,0.2773,0.3048,20.65,95.9
546,6/18/2018 6:08,20.365,19.746,20.65,20.15,21.294,20.246,0.277,0.3048,20.579,96.2
547,6/18/2018 6:23,20.603,19.746,20.627,20.15,21.246,20.246,0.2773,0.3048,20.913,95.1
548,6/18/2018 6:38,20.746,19.746,20.603,20.126,21.246,20.222,0.277,0.3048,20.889,95.1
549,6/18/2018 6:53,21.246,19.722,20.627,20.126,21.246,20.222,0.277,0.3051,21.175,94.4
550,6/18/2018 7:08,21.246,19.722,20.65,20.103,21.27,20.222,0.277,0.3051,21.246,94.2
551,6/18/2018 7:23,21.581,19.722,20.674,20.103,21.294,20.198,0.277,0.3051,21.628,93.4
552,6/18/2018 7:38,22.609,19.698,20.698,20.103,21.342,20.198,0.277,0.3051,21.963,92.6
553,6/18/2018 7:53,23.809,19.698,20.746,20.079,21.413,20.174,0.277,0.3054,22.226,92.5
554,6/18/2018 8:08,22.944,19.698,20.817,20.079,21.509,20.174,0.277,0.3051,22.657,91.9
555,6/18/2018 8:23,23.064,19.698,20.889,20.103,21.604,20.174,0.277,0.3051,23.352,92.3
556,6/18/2018 8:38,23.304,19.722,20.96,20.103,21.724,20.15,0.277,0.3048,24.195,91.8
557,6/18/2018 8:53,23.641,19.722,21.056,20.103,21.843,20.15,0.2766,0.3051,24.847,89.5
558,6/18/2018 9:08,24.219,19.746,21.151,20.103,21.963,20.15,0.277,0.3051,25.355,86.7
559,6/18/2018 9:23,24.219,19.746,21.27,20.126,22.082,20.15,0.2766,0.3051,26.061,83.8
560,6/18/2018 9:38,24.363,19.77,21.366,20.126,22.274,20.126,0.2766,0.3051,26.475,82.2
561,6/18/2018 9:53,24.484,19.793,21.581,20.15,22.441,20.126,0.277,0.3048,27.136,80.9
562,6/18/2018 10:08,24.702,19.817,21.843,20.174,22.633,20.126,0.2766,0.3048,27.481,78.1
563,6/18/2018 10:23,25.258,19.841,21.939,20.198,22.776,20.126,0.2766,0.3043,27.628,78.8
564,6/18/2018 10:38,25.404,19.865,22.034,20.246,22.92,20.126,0.2766,0.304,28.394,72.7
565,6/18/2018 10:53,26.012,19.888,22.13,20.269,23.088,20.126,0.2766,0.3048,28.518,73.2
566,6/18/2018 11:08,29.389,19.912,22.25,20.317,23.304,20.15,0.2766,0.3043,29.09,72.5
567,6/18/2018 11:23,26.793,19.96,22.489,20.341,23.569,20.15,0.2763,0.304,29.265,69.7
568,6/18/2018 11:38,26.304,19.984,22.609,20.388,23.761,20.15,0.2766,0.3037,29.065,73.1
569,6/18/2018 11:53,26.28,20.031,22.657,20.436,24.412,20.174,0.2766,0.304,29.74,73
570,6/18/2018 12:08,26.109,20.079,22.729,20.484,25.04,20.174,0.2766,0.3037,29.89,73
571,6/18/2018 12:23,26.304,20.126,22.8,20.531,25.428,20.198,0.2766,0.3037,30.167,72.9
572,6/18/2018 12:38,26.426,20.174,23.112,20.579,25.623,20.222,0.2763,0.3037,30.394,69.8
573,6/18/2018 12:53,30.217,20.198,23.617,20.627,25.623,20.246,0.2763,0.3033,30.646,70.8
574,6/18/2018 13:08,27.628,20.246,23.785,20.698,25.574,20.269,0.2763,0.3029,30.52,74.3
575,6/18/2018 13:23,27.014,20.293,23.785,20.746,25.525,20.293,0.2766,0.3033,30.495,73.3
576,6/18/2018 13:38,26.891,20.341,23.761,20.817,25.55,20.341,0.2763,0.3029,30.697,73.7
577,6/18/2018 13:53,26.671,20.388,23.737,20.865,25.647,20.365,0.2763,0.3029,30.621,72.4
578,6/18/2018 14:08,26.524,20.436,23.737,20.913,25.671,20.412,0.2766,0.3029,30.343,72.5
579,6/18/2018 14:23,26.475,20.484,23.737,20.96,25.671,20.436,0.2766,0.3026,29.941,74.1
580,6/18/2018 14:38,26.256,20.531,23.713,21.032,25.647,20.484,0.2763,0.3026,29.815,73.3
581,6/18/2018 14:53,26.158,20.579,23.689,21.056,25.623,20.531,0.2763,0.3022,29.89,71.5
582,6/18/2018 15:08,26.085,20.627,23.689,21.103,25.574,20.555,0.2763,0.3022,29.916,70
583,6/18/2018 15:23,25.914,20.65,23.665,21.127,25.55,20.603,0.2763,0.3019,29.59,72.5
584,6/18/2018 15:38,26.085,20.698,23.665,21.175,25.501,20.65,0.2763,0.3022,29.19,75.6
585,6/18/2018 15:53,25.817,20.722,23.665,21.199,25.525,20.674,0.2763,0.3022,29.14,75.2
586,6/18/2018 16:08,25.744,20.746,23.665,21.223,25.525,20.722,0.2763,0.3022,29.065,76.2
587,6/18/2018 16:23,25.866,20.77,23.641,21.27,25.501,20.746,0.2763,0.3019,29.115,77.5
588,6/18/2018 16:38,25.695,20.793,23.617,21.294,25.477,20.793,0.2763,0.3019,29.09,78
589,6/18/2018 16:53,25.598,20.817,23.641,21.318,25.453,20.817,0.2759,0.304,28.766,79.4
590,6/18/2018 17:08,25.55,20.841,23.641,21.318,25.428,20.865,0.2759,0.3015,28.717,80.2
591,6/18/2018 17:23,25.428,20.865,23.617,21.342,25.38,20.889,0.2759,0.3033,28.468,81.2
592,6/18/2018 17:38,25.162,20.889,23.593,21.366,25.331,20.913,0.2759,0.3015,28.072,82.8
593,6/18/2018 17:53,24.919,20.889,23.545,21.39,25.283,20.936,0.2759,0.3019,27.653,82.9
594,6/18/2018 18:08,24.75,20.913,23.497,21.413,25.21,20.984,0.2759,0.3015,27.333,85.8
595,6/18/2018 18:23,24.847,20.936,23.448,21.413,25.137,21.008,0.2759,0.3015,28.27,80.5
596,6/18/2018 18:38,24.895,20.936,23.4,21.437,25.065,21.032,0.2756,0.3019,28.097,79.3
597,6/18/2018 18:53,24.823,20.936,23.4,21.437,25.016,21.056,0.2759,0.3022,27.53,82.9
598,6/18/2018 19:08,24.605,20.96,23.376,21.461,24.968,21.079,0.2756,0.3029,27.21,82.9
599,6/18/2018 19:23,24.436,20.96,23.352,21.461,24.919,21.103,0.2756,0.3029,26.842,84.6
600,6/18/2018 19:38,24.243,20.984,23.304,21.485,24.871,21.127,0.2756,0.3026,26.793,84.8
601,6/18/2018 19:53,24.074,20.984,23.256,21.485,24.798,21.151,0.2756,0.3026,26.598,85.9
602,6/18/2018 20:08,23.905,20.984,23.208,21.485,24.726,21.175,0.2756,0.3026,26.304,87.6
603,6/18/2018 20:23,23.785,20.984,23.136,21.485,24.653,21.175,0.2759,0.3026,26.061,88.7
604,6/18/2018 20:38,23.689,20.984,23.088,21.485,24.581,21.199,0.2756,0.3026,25.963,89.5
605,6/18/2018 20:53,23.593,20.984,23.04,21.485,24.508,21.223,0.2756,0.3026,25.793,90.3
606,6/18/2018 21:08,23.545,20.984,22.992,21.485,24.412,21.223,0.2756,0.3026,25.841,90.8
607,6/18/2018 21:23,23.497,20.984,22.944,21.485,24.363,21.246,0.2756,0.3026,25.72,90.8
608,6/18/2018 21:38,23.424,20.984,22.92,21.485,24.291,21.246,0.2756,0.3026,25.501,91.3
609,6/18/2018 21:53,23.328,20.984,22.896,21.485,24.219,21.27,0.2759,0.3026,25.307,91.4
610,6/18/2018 22:08,23.256,20.984,22.848,21.485,24.171,21.27,0.2756,0.3029,25.137,91.4
611,6/18/2018 22:23,23.184,20.96,22.8,21.461,24.098,21.294,0.2756,0.3026,25.04,92.2
612,6/18/2018 22:38,23.136,20.96,22.753,21.461,24.026,21.294,0.2756,0.3026,24.992,92.1
613,6/18/2018 22:53,23.04,20.96,22.729,21.437,23.978,21.294,0.2756,0.3026,24.774,92.2
614,6/18/2018 23:08,22.968,20.96,22.681,21.437,23.93,21.294,0.2756,0.3029,24.629,92.1
615,6/18/2018 23:23,22.872,20.936,22.657,21.437,23.857,21.318,0.2759,0.3029,24.508,92.4
616,6/18/2018 23:38,22.848,20.936,22.609,21.437,23.809,21.318,0.2756,0.3029,24.532,92.2
617,6/18/2018 23:53,22.8,20.936,22.585,21.413,23.761,21.318,0.2756,0.3029,24.508,92.3
618,6/19/2018 0:08,22.729,20.936,22.537,21.413,23.689,21.318,0.2756,0.3029,24.46,92.3
619,6/19/2018 0:23,22.705,20.913,22.513,21.413,23.641,21.318,0.2756,0.3026,24.388,93
620,6/19/2018 0:38,22.681,20.913,22.465,21.39,23.593,21.318,0.2756,0.3026,24.363,93.2
621,6/19/2018 0:53,22.657,20.889,22.441,21.39,23.545,21.318,0.2756,0.3029,24.363,93.1
622,6/19/2018 1:08,22.657,20.889,22.417,21.366,23.497,21.318,0.2756,0.3029,24.436,92.9
623,6/19/2018 1:23,22.633,20.889,22.393,21.366,23.472,21.318,0.2756,0.3029,24.46,92.4
624,6/19/2018 1:38,22.609,20.865,22.369,21.342,23.424,21.318,0.2753,0.3029,24.339,92.6
625,6/19/2018 1:53,22.585,20.865,22.345,21.342,23.376,21.318,0.2753,0.3033,24.267,92.5
626,6/19/2018 2:08,22.513,20.865,22.321,21.318,23.352,21.318,0.2753,0.3029,24.219,92.7
627,6/19/2018 2:23,22.489,20.841,22.298,21.318,23.304,21.318,0.2756,0.3033,24.146,92.4
628,6/19/2018 2:38,22.441,20.841,22.274,21.318,23.256,21.294,0.2756,0.3033,24.05,92.8
629,6/19/2018 2:53,22.417,20.841,22.25,21.294,23.232,21.294,0.2753,0.3033,24.002,92.5
630,6/19/2018 3:08,22.393,20.841,22.226,21.294,23.184,21.294,0.2756,0.3029,23.978,92.2
631,6/19/2018 3:23,22.393,20.817,22.178,21.27,23.16,21.294,0.2753,0.3029,24.026,91.8
632,6/19/2018 3:38,22.369,20.817,22.178,21.27,23.112,21.294,0.2756,0.3033,24.074,91.4
633,6/19/2018 3:53,22.369,20.817,22.154,21.246,23.088,21.27,0.2756,0.3033,23.978,91.7
634,6/19/2018 4:08,22.369,20.793,22.13,21.246,23.064,21.27,0.2756,0.3037,23.978,91.4
635,6/19/2018 4:23,22.345,20.793,22.13,21.246,23.016,21.27,0.2753,0.3033,24.026,91.2
636,6/19/2018 4:38,22.321,20.793,22.106,21.223,22.992,21.27,0.2756,0.3037,23.93,91.4
637,6/19/2018 4:53,22.298,20.793,22.082,21.223,22.968,21.246,0.2753,0.3033,23.978,91.1
638,6/19/2018 5:08,22.274,20.77,22.058,21.199,22.944,21.246,0.2753,0.3037,23.954,91.2
639,6/19/2018 5:23,22.25,20.77,22.058,21.199,22.92,21.246,0.2753,0.3037,23.881,91.3
640,6/19/2018 5:38,22.226,20.77,22.034,21.175,22.896,21.223,0.2753,0.3033,23.857,91.3
641,6/19/2018 5:53,22.226,20.746,22.011,21.175,22.872,21.223,0.2753,0.3033,23.833,91.1
642,6/19/2018 6:08,22.274,20.746,22.011,21.175,22.848,21.223,0.2753,0.3037,23.905,91.3
643,6/19/2018 6:23,22.345,20.746,21.987,21.151,22.824,21.223,0.2749,0.3037,24.05,90.6
644,6/19/2018 6:38,22.393,20.746,21.987,21.151,22.824,21.199,0.2753,0.3037,24.074,90.6
645,6/19/2018 6:53,22.441,20.722,21.987,21.151,22.8,21.199,0.2749,0.304,24.002,90.9
646,6/19/2018 7:08,22.513,20.722,21.987,21.127,22.8,21.199,0.2753,0.304,24.219,90.1
647,6/19/2018 7:23,22.585,20.722,21.987,21.127,22.8,21.175,0.2749,0.304,24.171,90.5
648,6/19/2018 7:38,22.681,20.722,21.987,21.127,22.824,21.175,0.2753,0.304,24.219,90.8
649,6/19/2018 7:53,22.944,20.722,22.011,21.127,22.824,21.175,0.2753,0.304,24.339,90.7
650,6/19/2018 8:08,23.28,20.722,22.034,21.103,22.848,21.151,0.2753,0.3037,24.75,89.3
651,6/19/2018 8:23,23.064,20.698,22.058,21.103,22.896,21.151,0.2753,0.304,24.653,90.1
652,6/19/2018 8:38,23.376,20.698,22.082,21.103,22.92,21.151,0.2749,0.304,24.823,89.6
653,6/19/2018 8:53,24.219,20.698,22.13,21.103,22.968,21.127,0.2749,0.304,25.623,87.1
654,6/19/2018 9:08,24.219,20.722,22.202,21.103,23.064,21.127,0.2749,0.304,26.036,85.7
655,6/19/2018 9:23,24.847,20.722,22.298,21.103,23.16,21.127,0.2749,0.304,26.867,83.7
656,6/19/2018 9:38,25.186,20.722,22.393,21.127,23.352,21.127,0.2749,0.304,27.801,80.2
657,6/19/2018 9:53,25.38,20.746,22.633,21.127,23.497,21.103,0.2746,0.3037,28.369,79.5
658,6/19/2018 10:08,25.695,20.746,22.896,21.151,23.713,21.103,0.2749,0.304,28.891,77.4
659,6/19/2018 10:23,26.329,20.77,23.016,21.175,23.881,21.103,0.2749,0.3037,29.89,74.1
660,6/19/2018 10:38,26.573,20.793,23.112,21.199,24.026,21.103,0.2749,0.3037,30.596,71.5
661,6/19/2018 10:53,27.579,20.817,23.208,21.246,24.219,21.103,0.2749,0.3033,30.621,69.1
662,6/19/2018 11:08,28.891,20.841,23.376,21.27,24.46,21.103,0.2749,0.3033,31.153,67.5
663,6/19/2018 11:23,26.916,20.889,23.569,21.318,24.677,21.103,0.2746,0.3029,30.748,69.5
664,6/19/2018 11:38,26.256,20.913,23.665,21.342,24.798,21.103,0.2746,0.3029,29.89,70.3
665,6/19/2018 11:53,26.304,20.96,23.665,21.39,24.895,21.127,0.2749,0.3026,30.217,69.2
666,6/19/2018 12:08,26.061,21.008,23.665,21.437,24.992,21.127,0.2746,0.3029,30.117,67.7
667,6/19/2018 12:23,26.475,21.032,23.665,21.461,25.04,21.151,0.2746,0.3026,29.865,72.9
668,6/19/2018 12:38,26.573,21.079,23.881,21.509,25.113,21.151,0.2746,0.3026,31.281,65
669,6/19/2018 12:53,28.171,21.103,24.146,21.533,25.162,21.175,0.2746,0.3022,31.052,66.9
670,6/19/2018 13:08,26.916,21.127,24.195,21.581,25.21,21.199,0.2746,0.3022,31.714,60
671,6/19/2018 13:23,25.914,21.175,24.195,21.628,25.234,21.199,0.2749,0.3019,29.165,71.8
672,6/19/2018 13:38,25.137,21.199,24.122,21.652,25.186,21.223,0.2746,0.3019,28.568,74.5
673,6/19/2018 13:53,24.726,21.294,24.05,21.724,25.089,21.437,0.3432,0.4636,24.944,92.7
674,6/19/2018 14:08,24.629,21.581,24.05,22.011,24.919,21.437,0.3269,0.4636,24.412,93.9
675,6/19/2018 14:23,25.186,21.748,24.074,22.25,24.75,21.437,0.3195,0.4636,25.186,92.7
676,6/19/2018 14:38,25.574,21.867,24.122,22.369,24.653,21.437,0.3069,0.4636,25.768,93.4
677,6/19/2018 14:53,25.186,21.963,24.171,22.369,24.629,21.437,0.3043,0.4629,25.89,92.5
678,6/19/2018 15:08,24.895,21.987,24.171,22.369,24.557,21.437,0.3029,0.4629,25.574,93.1
679,6/19/2018 15:23,24.629,22.011,24.146,22.369,24.46,21.437,0.3019,0.4629,25.113,92.6
680,6/19/2018 15:38,24.484,22.011,24.074,22.369,24.363,21.461,0.3011,0.4629,24.847,96
681,6/19/2018 15:53,24.363,22.011,24.002,22.345,24.267,21.461,0.3005,0.4636,24.798,96.7
682,6/19/2018 16:08,24.315,21.987,23.954,22.345,24.146,21.461,0.3001,0.4629,24.798,97.1
683,6/19/2018 16:23,24.315,21.987,23.881,22.321,24.074,21.485,0.2997,0.4629,24.798,97.2
684,6/19/2018 16:38,24.315,21.987,23.833,22.321,24.002,21.485,0.2997,0.4636,24.798,97.5
685,6/19/2018 16:53,24.315,21.987,23.809,22.298,23.954,21.485,0.2994,0.4636,24.895,97.8
686,6/19/2018 17:08,24.871,21.963,23.761,22.298,23.905,21.485,0.299,0.4636,25.21,97.7
687,6/19/2018 17:23,24.919,21.963,23.785,22.274,23.905,21.485,0.2994,0.4636,25.453,96.1
688,6/19/2018 17:38,24.847,21.939,23.809,22.274,23.954,21.485,0.299,0.4636,25.428,97.1
689,6/19/2018 17:53,24.774,21.939,23.809,22.25,23.954,21.485,0.2987,0.4629,25.38,97.1
690,6/19/2018 18:08,24.823,21.939,23.809,22.25,23.978,21.485,0.2987,0.4629,25.38,97.4
691,6/19/2018 18:23,24.653,21.915,23.809,22.25,23.978,21.485,0.2987,0.4629,25.186,95.8
692,6/19/2018 18:38,24.532,21.939,23.785,22.25,23.978,21.509,0.2984,0.4629,25.04,96.5
693,6/19/2018 18:53,24.508,21.915,23.761,22.226,23.954,21.509,0.2984,0.4622,24.847,97.6
694,6/19/2018 19:08,24.532,21.915,23.737,22.226,23.954,21.509,0.2984,0.4629,25.016,97.9
695,6/19/2018 19:23,24.46,21.915,23.713,22.226,23.93,21.509,0.2979,0.4622,25.065,98.1
696,6/19/2018 19:38,24.363,21.915,23.689,22.226,23.93,21.509,0.2979,0.4608,25.016,98.2
697,6/19/2018 19:53,24.243,21.915,23.665,22.226,23.905,21.509,0.2976,0.46,24.871,98.4
698,6/19/2018 20:08,24.074,21.915,23.641,22.226,23.881,21.509,0.2976,0.4593,24.774,98.3
699,6/19/2018 20:23,23.93,21.915,23.593,22.202,23.857,21.509,0.2976,0.4586,24.629,98.5
700,6/19/2018 20:38,23.809,21.915,23.545,22.202,23.809,21.509,0.2973,0.4586,24.484,98.7
701,6/19/2018 20:53,23.689,21.891,23.497,22.202,23.761,21.509,0.2973,0.4579,24.291,98.8
702,6/19/2018 21:08,23.617,21.891,23.448,22.202,23.713,21.509,0.297,0.4579,24.146,98.9
703,6/19/2018 21:23,23.497,21.891,23.376,22.178,23.665,21.533,0.297,0.455,24.05,98.9
704,6/19/2018 21:38,23.4,21.867,23.328,22.178,23.593,21.509,0.297,0.4543,23.857,98.9
705,6/19/2018 21:53,23.328,21.867,23.304,22.154,23.545,21.509,0.297,0.4514,23.785,99.1
706,6/19/2018 22:08,23.256,21.867,23.232,22.154,23.497,21.509,0.297,0.4507,23.689,99
707,6/19/2018 22:23,23.16,21.843,23.184,22.13,23.448,21.509,0.297,0.4493,23.545,99.2
708,6/19/2018 22:38,23.064,21.843,23.136,22.13,23.4,21.509,0.2966,0.4486,23.4,99.3
709,6/19/2018 22:53,23.016,21.819,23.088,22.106,23.352,21.509,0.2966,0.4478,23.256,99.2
710,6/19/2018 23:08,22.968,21.819,23.04,22.106,23.304,21.509,0.2966,0.4464,23.184,99.2
711,6/19/2018 23:23,22.92,21.795,23.016,22.082,23.256,21.509,0.2966,0.4464,23.136,99.2
712,6/19/2018 23:38,22.848,21.772,22.968,22.058,23.208,21.509,0.2966,0.4464,23.016,98.7
713,6/19/2018 23:53,22.776,21.772,22.92,22.058,23.16,21.509,0.2963,0.4444,22.92,98.3
714,6/20/2018 0:08,22.681,21.772,22.872,22.034,23.112,21.485,0.2963,0.4437,22.776,98.3
715,6/20/2018 0:23,22.561,21.748,22.824,22.011,23.064,21.485,0.2963,0.4444,22.585,98.4
716,6/20/2018 0:38,22.417,21.724,22.776,22.011,23.016,21.485,0.2959,0.4437,22.369,98.3
717,6/20/2018 0:53,22.321,21.724,22.729,21.987,22.968,21.485,0.2963,0.443,22.178,98.6
718,6/20/2018 1:08,22.202,21.7,22.681,21.963,22.896,21.485,0.2959,0.443,21.987,98.7
719,6/20/2018 1:23,22.058,21.676,22.609,21.939,22.848,21.461,0.2963,0.443,21.748,98.3
720,6/20/2018 1:38,21.939,21.676,22.561,21.939,22.776,21.461,0.2959,0.4423,21.533,98.2
721,6/20/2018 1:53,21.819,21.652,22.489,21.915,22.705,21.461,0.2959,0.4423,21.294,98.2
722,6/20/2018 2:08,21.724,21.628,22.417,21.891,22.657,21.437,0.2955,0.4416,21.223,98.7
723,6/20/2018 2:23,21.652,21.604,22.369,21.867,22.585,21.437,0.2959,0.4416,21.103,98.3
724,6/20/2018 2:38,21.461,21.604,22.298,21.843,22.513,21.437,0.2955,0.4408,20.698,98
725,6/20/2018 2:53,21.27,21.581,22.226,21.819,22.441,21.413,0.2959,0.4408,20.365,98.2
726,6/20/2018 3:08,21.151,21.557,22.154,21.795,22.369,21.413,0.2955,0.4401,20.198,98.3
727,6/20/2018 3:23,21.032,21.533,22.082,21.772,22.298,21.39,0.2955,0.4401,20.103,98.6
728,6/20/2018 3:38,21.032,21.509,22.034,21.748,22.226,21.39,0.2955,0.438,20.079,98.6
729,6/20/2018 3:53,20.96,21.485,21.963,21.724,22.154,21.366,0.2955,0.438,20.126,99
730,6/20/2018 4:08,20.984,21.461,21.915,21.7,22.082,21.366,0.2955,0.4373,20.174,98.9
731,6/20/2018 4:23,20.96,21.437,21.867,21.652,22.034,21.342,0.2955,0.4367,20.15,98.6
732,6/20/2018 4:38,20.913,21.413,21.819,21.628,21.987,21.342,0.2955,0.4367,20.126,98.6
733,6/20/2018 4:53,20.817,21.39,21.772,21.604,21.915,21.318,0.2955,0.4373,19.936,98
734,6/20/2018 5:08,20.793,21.366,21.724,21.581,21.867,21.318,0.2955,0.4367,19.984,98.9
735,6/20/2018 5:23,20.746,21.342,21.676,21.557,21.819,21.294,0.2952,0.436,19.96,98.8
736,6/20/2018 5:38,20.674,21.318,21.628,21.533,21.772,21.27,0.2952,0.436,19.793,98.5
737,6/20/2018 5:53,20.674,21.294,21.581,21.509,21.724,21.27,0.2952,0.4346,19.841,98.8
738,6/20/2018 6:08,20.817,21.27,21.533,21.461,21.676,21.246,0.2952,0.4346,19.912,97.4
739,6/20/2018 6:23,20.841,21.246,21.509,21.437,21.628,21.246,0.2952,0.4339,19.96,98.1
740,6/20/2018 6:38,20.936,21.223,21.485,21.437,21.604,21.223,0.2952,0.4339,20.103,98.7
741,6/20/2018 6:53,21.056,21.199,21.485,21.39,21.581,21.199,0.2952,0.4339,20.293,98.6
742,6/20/2018 7:08,21.199,21.175,21.485,21.366,21.581,21.175,0.2952,0.4332,20.46,98.3
743,6/20/2018 7:23,21.246,21.151,21.485,21.342,21.581,21.175,0.2952,0.4332,20.507,97.9
744,6/20/2018 7:38,21.413,21.151,21.485,21.342,21.581,21.151,0.2952,0.4325,20.722,97
745,6/20/2018 7:53,21.581,21.127,21.509,21.318,21.604,21.127,0.2952,0.4325,20.865,97.1
746,6/20/2018 8:08,22.513,21.103,21.533,21.294,21.628,21.103,0.2949,0.4325,21.939,91.4
747,6/20/2018 8:23,22.321,21.079,21.604,21.27,21.748,21.103,0.2952,0.4317,22.345,87.7
748,6/20/2018 8:38,22.345,21.079,21.676,21.27,21.843,21.079,0.2949,0.4317,22.872,84.5
749,6/20/2018 8:53,22.585,21.079,21.724,21.246,21.939,21.056,0.2952,0.431,23.28,82.7
750,6/20/2018 9:08,22.729,21.056,21.772,21.246,22.011,21.056,0.2949,0.4298,24.098,75.7
751,6/20/2018 9:23,22.441,21.056,21.819,21.246,22.082,21.032,0.2949,0.4284,24.05,75.4
752,6/20/2018 9:38,22.8,21.056,21.867,21.246,22.202,21.032,0.2949,0.4262,24.195,72.5
753,6/20/2018 9:53,23.184,21.056,21.915,21.246,22.274,21.008,0.2949,0.4214,24.074,74
754,6/20/2018 10:08,23.304,21.056,22.082,21.246,22.393,21.008,0.2949,0.4202,24.508,72.8
755,6/20/2018 10:23,23.641,21.079,22.178,21.246,22.513,20.984,0.2946,0.4174,24.992,71
756,6/20/2018 10:38,24.002,21.079,22.226,21.27,22.633,20.984,0.2946,0.4095,25.331,72.9
757,6/20/2018 10:53,24.774,21.079,22.298,21.27,22.753,20.96,0.2946,0.4029,25.623,74.1
758,6/20/2018 11:08,26.158,21.103,22.417,21.294,22.944,20.96,0.2946,0.3952,26.012,73.7
759,6/20/2018 11:23,25.501,21.103,22.585,21.318,23.184,20.96,0.2942,0.389,26.182,73.6
760,6/20/2018 11:38,24.871,21.127,22.705,21.318,23.352,20.96,0.2942,0.3829,26.109,76
761,6/20/2018 11:53,24.895,21.151,22.753,21.342,23.593,20.96,0.2942,0.3762,26.646,75.9
762,6/20/2018 12:08,24.823,21.175,22.824,21.366,23.954,20.96,0.2942,0.3716,26.524,71.8
763,6/20/2018 12:23,24.629,21.199,22.848,21.39,24.122,20.96,0.2942,0.3638,26.451,73.4
764,6/20/2018 12:38,24.653,21.223,22.896,21.413,24.146,20.96,0.2942,0.3568,25.525,79.5
765,6/20/2018 12:53,24.75,21.246,22.92,21.437,24.146,20.96,0.2938,0.35,25.671,79.1
766,6/20/2018 13:08,25.186,21.27,22.944,21.461,24.146,20.96,0.2942,0.3451,25.914,82.7
767,6/20/2018 13:23,24.992,21.318,23.016,21.485,24.195,20.984,0.2942,0.3422,27.259,70.5
768,6/20/2018 13:38,25.258,21.318,23.088,21.509,24.243,20.984,0.2938,0.3399,27.038,76.1
769,6/20/2018 13:53,25.186,21.342,23.136,21.533,24.388,21.008,0.2938,0.3367,27.628,73.2
770,6/20/2018 14:08,24.871,21.366,23.184,21.557,24.436,21.032,0.2938,0.3352,27.21,74.4
771,6/20/2018 14:23,25.089,21.39,23.208,21.581,24.46,21.032,0.2938,0.3343,28.023,68.6
772,6/20/2018 14:38,24.847,21.413,23.232,21.604,24.484,21.056,0.2938,0.3335,27.825,69.1
773,6/20/2018 14:53,24.992,21.437,23.232,21.628,24.484,21.079,0.2935,0.3321,27.825,70.9
774,6/20/2018 15:08,25.04,21.461,23.256,21.652,24.484,21.103,0.2935,0.3304,26.573,79.2
775,6/20/2018 15:23,24.702,21.461,23.28,21.676,24.484,21.127,0.2935,0.329,26.207,82.4
776,6/20/2018 15:38,24.774,21.485,23.28,21.7,24.46,21.127,0.2938,0.3282,27.702,71
777,6/20/2018 15:53,24.508,21.509,23.28,21.724,24.46,21.151,0.2935,0.3274,27.505,69.3
778,6/20/2018 16:08,24.436,21.533,23.28,21.724,24.46,21.175,0.2935,0.3265,27.038,74
779,6/20/2018 16:23,24.339,21.533,23.256,21.748,24.436,21.199,0.2935,0.3252,25.695,80.2
780,6/20/2018 16:38,24.243,21.557,23.232,21.772,24.388,21.223,0.2935,0.3244,25.453,84
781,6/20/2018 16:53,23.978,21.557,23.208,21.772,24.339,21.246,0.2935,0.324,25.113,83.7
782,6/20/2018 17:08,23.689,21.581,23.184,21.795,24.267,21.246,0.2935,0.3235,24.702,84.9
783,6/20/2018 17:23,23.497,21.581,23.136,21.795,24.195,21.27,0.2932,0.3231,24.339,86.2
784,6/20/2018 17:38,23.256,21.581,23.064,21.819,24.098,21.294,0.2932,0.3228,23.833,88.2
785,6/20/2018 17:53,23.16,21.581,22.992,21.819,24.002,21.318,0.2932,0.3231,23.497,91.5
786,6/20/2018 18:08,23.16,21.581,22.944,21.819,23.905,21.318,0.2932,0.3231,23.328,93.6
787,6/20/2018 18:23,23.208,21.581,22.896,21.819,23.833,21.342,0.2932,0.3231,23.4,95
788,6/20/2018 18:38,23.184,21.581,22.848,21.819,23.761,21.366,0.2932,0.3228,23.472,95
789,6/20/2018 18:53,23.16,21.581,22.824,21.819,23.689,21.366,0.2932,0.3228,23.521,95.6
790,6/20/2018 19:08,23.184,21.581,22.8,21.819,23.641,21.39,0.2932,0.3228,23.545,95.8
791,6/20/2018 19:23,23.136,21.557,22.776,21.795,23.593,21.39,0.2932,0.3223,23.424,95.9
792,6/20/2018 19:38,22.992,21.557,22.776,21.795,23.545,21.39,0.2928,0.3228,23.376,94.7
793,6/20/2018 19:53,22.872,21.557,22.729,21.795,23.497,21.39,0.2932,0.3228,23.184,95.2
794,6/20/2018 20:08,22.776,21.557,22.705,21.772,23.448,21.413,0.2932,0.3223,23.04,95.9
795,6/20/2018 20:23,22.681,21.533,22.657,21.772,23.376,21.413,0.2932,0.3223,22.992,96
796,6/20/2018 20:38,22.633,21.533,22.633,21.772,23.328,21.413,0.2928,0.3228,22.968,96.9
797,6/20/2018 20:53,22.609,21.533,22.585,21.772,23.256,21.413,0.2928,0.3223,22.992,97.4
798,6/20/2018 21:08,22.585,21.509,22.537,21.748,23.208,21.413,0.2928,0.3228,22.896,97.6
799,6/20/2018 21:23,22.561,21.509,22.513,21.748,23.16,21.413,0.2928,0.3249,22.92,98.1
800,6/20/2018 21:38,22.513,21.509,22.489,21.748,23.112,21.413,0.2928,0.3256,22.848,98.3
801,6/20/2018 21:53,22.489,21.485,22.465,21.724,23.064,21.413,0.2932,0.3265,22.8,98.4
802,6/20/2018 22:08,22.441,21.485,22.441,21.724,23.016,21.413,0.2928,0.3265,22.705,98.6
803,6/20/2018 22:23,22.369,21.461,22.417,21.7,22.968,21.413,0.2935,0.3274,22.513,98.5
804,6/20/2018 22:38,22.25,21.461,22.393,21.7,22.92,21.413,0.2935,0.3295,22.298,98.2
805,6/20/2018 22:53,22.154,21.461,22.345,21.7,22.872,21.413,0.2942,0.3308,22.058,98.1
806,6/20/2018 23:08,22.058,21.437,22.321,21.676,22.824,21.413,0.2942,0.3317,21.963,98.3
807,6/20/2018 23:23,21.987,21.437,22.274,21.676,22.753,21.39,0.2949,0.3317,21.891,98.5
808,6/20/2018 23:38,21.939,21.437,22.226,21.652,22.705,21.39,0.2949,0.3317,21.819,98.6
809,6/20/2018 23:53,21.867,21.413,22.202,21.628,22.657,21.39,0.2952,0.3312,21.724,98.7
810,6/21/2018 0:08,21.819,21.413,22.154,21.628,22.609,21.39,0.2952,0.3312,21.676,98.9
811,6/21/2018 0:23,21.772,21.39,22.13,21.604,22.561,21.39,0.2952,0.3308,21.604,99
812,6/21/2018 0:38,21.724,21.39,22.082,21.604,22.513,21.366,0.2952,0.3299,21.509,99
813,6/21/2018 0:53,21.676,21.366,22.058,21.581,22.465,21.366,0.2955,0.3295,21.533,99.1
814,6/21/2018 1:08,21.628,21.342,22.034,21.581,22.417,21.366,0.2955,0.329,21.461,99.1
815,6/21/2018 1:23,21.604,21.342,21.987,21.557,22.369,21.342,0.2955,0.329,21.461,99.2
816,6/21/2018 1:38,21.604,21.318,21.963,21.533,22.321,21.342,0.2955,0.3286,21.485,99.3
817,6/21/2018 1:53,21.581,21.318,21.939,21.533,22.298,21.342,0.2955,0.3286,21.485,99.5
818,6/21/2018 2:08,21.557,21.294,21.915,21.509,22.25,21.342,0.2955,0.3286,21.437,99.4
819,6/21/2018 2:23,21.485,21.294,21.891,21.485,22.202,21.318,0.2955,0.3282,21.342,99.4
820,6/21/2018 2:38,21.485,21.27,21.867,21.485,22.178,21.318,0.2955,0.3282,21.342,99.5
821,6/21/2018 2:53,21.437,21.27,21.819,21.461,22.13,21.294,0.2955,0.3277,21.294,99.6
822,6/21/2018 3:08,21.39,21.246,21.795,21.461,22.106,21.294,0.2955,0.3277,21.199,99.5
823,6/21/2018 3:23,21.366,21.223,21.772,21.437,22.058,21.27,0.2955,0.3277,21.151,99.7
824,6/21/2018 3:38,21.318,21.223,21.748,21.413,22.034,21.27,0.2955,0.3277,21.151,99.7
825,6/21/2018 3:53,21.246,21.199,21.724,21.413,21.987,21.246,0.2955,0.3277,20.984,99.7
826,6/21/2018 4:08,21.223,21.199,21.7,21.39,21.963,21.246,0.2955,0.3277,21.032,99.8
827,6/21/2018 4:23,21.199,21.175,21.676,21.39,21.915,21.246,0.2955,0.3277,21.032,99.8
828,6/21/2018 4:38,21.175,21.151,21.628,21.366,21.891,21.223,0.2952,0.3274,20.96,99.8
829,6/21/2018 4:53,21.151,21.151,21.628,21.342,21.843,21.223,0.2952,0.3274,20.913,99.8
830,6/21/2018 5:08,21.127,21.127,21.604,21.342,21.819,21.199,0.2952,0.3277,20.841,99.9
831,6/21/2018 5:23,21.103,21.127,21.557,21.318,21.795,21.199,0.2952,0.3274,20.841,100
832,6/21/2018 5:38,21.079,21.103,21.533,21.294,21.748,21.175,0.2952,0.3274,20.698,99.9
833,6/21/2018 5:53,21.079,21.103,21.509,21.294,21.724,21.175,0.2952,0.3274,20.722,100
834,6/21/2018 6:08,21.103,21.079,21.485,21.27,21.7,21.151,0.2952,0.3274,20.793,100
835,6/21/2018 6:23,21.151,21.056,21.485,21.246,21.676,21.151,0.2952,0.3274,20.865,100
836,6/21/2018 6:38,21.175,21.056,21.461,21.246,21.652,21.127,0.2952,0.3274,21.008,100
837,6/21/2018 6:53,21.223,21.032,21.461,21.223,21.652,21.127,0.2952,0.3269,21.056,100
838,6/21/2018 7:08,21.342,21.032,21.461,21.199,21.628,21.103,0.2952,0.3274,21.175,100
839,6/21/2018 7:23,21.413,21.008,21.461,21.199,21.628,21.103,0.2952,0.3269,21.27,100
840,6/21/2018 7:38,21.509,21.008,21.461,21.175,21.628,21.079,0.2952,0.3269,21.366,100
841,6/21/2018 7:53,21.604,20.984,21.485,21.175,21.652,21.056,0.2952,0.3269,21.509,100
842,6/21/2018 8:08,21.7,20.984,21.509,21.175,21.652,21.056,0.2952,0.3269,21.652,100
843,6/21/2018 8:23,22.226,20.984,21.533,21.151,21.676,21.032,0.2952,0.3274,21.891,100
844,6/21/2018 8:38,22.441,20.96,21.557,21.151,21.724,21.032,0.2952,0.3274,22.178,99.8
845,6/21/2018 8:53,23.088,20.96,21.628,21.151,21.795,21.032,0.2952,0.3274,22.633,99.4
846,6/21/2018 9:08,23.304,20.96,21.724,21.151,21.891,21.008,0.2952,0.3274,23.136,97.6
847,6/21/2018 9:23,23.93,20.96,21.843,21.151,22.011,21.008,0.2952,0.3274,23.521,95.9
848,6/21/2018 9:38,24.363,20.96,21.963,21.151,22.178,20.984,0.2952,0.3274,24.002,94.2
849,6/21/2018 9:53,24.243,20.96,22.106,21.151,22.321,20.984,0.2952,0.3274,24.919,92
850,6/21/2018 10:08,24.05,20.984,22.226,21.175,22.513,20.96,0.2949,0.3269,24.412,90.7
851,6/21/2018 10:23,24.122,20.984,22.321,21.175,22.633,20.96,0.2952,0.3269,24.871,88
852,6/21/2018 10:38,24.098,21.008,22.369,21.199,22.753,20.96,0.2949,0.3265,24.847,88
853,6/21/2018 10:53,24.629,21.032,22.441,21.223,22.848,20.96,0.2949,0.3261,25.355,87.4
854,6/21/2018 11:08,23.978,21.056,22.513,21.246,22.944,20.96,0.2949,0.3261,25.065,85.7
855,6/21/2018 11:23,24.267,21.079,22.561,21.27,23.016,20.96,0.2949,0.3256,25.501,84.8
856,6/21/2018 11:38,24.412,21.103,22.585,21.294,23.136,20.936,0.2949,0.3252,26.012,84.6
857,6/21/2018 11:53,23.978,21.127,22.633,21.318,23.352,20.936,0.2949,0.3249,24.677,87.5
858,6/21/2018 12:08,23.978,21.127,22.657,21.342,23.472,20.96,0.2949,0.3249,24.944,85.4
859,6/21/2018 12:23,24.315,21.151,22.681,21.366,23.857,20.96,0.2949,0.324,25.065,85.8
860,6/21/2018 12:38,23.737,21.175,22.753,21.366,24.146,20.96,0.2946,0.324,24.581,87.5
861,6/21/2018 12:53,23.641,21.199,22.753,21.39,24.146,20.984,0.2946,0.3235,24.508,86.8
862,6/21/2018 13:08,23.593,21.223,22.729,21.413,24.05,20.984,0.2946,0.3235,24.315,86.8
863,6/21/2018 13:23,23.93,21.246,22.729,21.437,23.978,20.984,0.2946,0.3231,25.162,84.6
864,6/21/2018 13:38,23.857,21.246,22.729,21.437,23.93,21.008,0.2949,0.3231,24.944,85.6
865,6/21/2018 13:53,23.617,21.27,22.753,21.461,23.93,21.032,0.2946,0.3228,24.895,83.8
866,6/21/2018 14:08,23.448,21.27,22.729,21.485,23.881,21.032,0.2946,0.3223,24.774,83.1
867,6/21/2018 14:23,23.569,21.294,22.729,21.485,23.833,21.056,0.2946,0.3216,25.21,84.2
868,6/21/2018 14:38,24.171,21.294,22.729,21.509,23.785,21.079,0.2946,0.3216,25.355,84
869,6/21/2018 14:53,24.002,21.294,22.753,21.533,23.809,21.079,0.2946,0.3216,25.404,82.5
870,6/21/2018 15:08,24.291,21.318,22.8,21.533,23.833,21.103,0.2942,0.3216,26.134,78.6
871,6/21/2018 15:23,24.315,21.318,22.848,21.533,23.857,21.127,0.2946,0.3211,26.256,78.7
872,6/21/2018 15:38,24.315,21.342,22.896,21.557,23.905,21.151,0.2942,0.3211,26.207,80.1
873,6/21/2018 15:53,24.098,21.342,22.944,21.557,23.954,21.151,0.2942,0.3207,26.329,78.7
874,6/21/2018 16:08,24.002,21.366,22.944,21.581,23.954,21.175,0.2942,0.3204,26.256,78.4
875,6/21/2018 16:23,23.713,21.366,22.944,21.604,23.954,21.199,0.2938,0.3204,25.793,80.8
876,6/21/2018 16:38,23.497,21.39,22.92,21.604,23.905,21.199,0.2942,0.3204,25.55,80.2
877,6/21/2018 16:53,23.641,21.39,22.872,21.628,23.833,21.223,0.2942,0.3199,26.134,78.9
